transaction_date,unit_cost,cust_ID,transaction_price,qty
1/1/2017,2.9,TM29319,4.89,93600
1/1/2017,2.4,AL30JS,4.23,74400
1/2/2017,1.4,DI41455,3.15,50400
1/2/2017,1.4,KN84849,6.18,76800
1/2/2017,2.2,GK2341,4.71,76800
1/2/2017,1.7,FW28182,5.61,64800
1/2/2017,1.2,ZJ2913,4.29,88800
1/2/2017,1.2,SZ3152,3.42,40800
1/3/2017,2,QP2312,5.28,28800
1/3/2017,1.5,SZ3152,4.02,81600
1/4/2017,3,ZJ2913,5.67,33600
1/5/2017,3.1,ZJ2913,4.26,57600
1/5/2017,1.6,AJ93848,4.86,28800
1/5/2017,2,GK2341,5.73,52800
1/5/2017,1.4,SD61301,3.42,43200
1/5/2017,2.3,DJ2281,5.64,55200
1/6/2017,2,UY59785,6.39,43200
1/6/2017,1.9,WI38374,3.6,26400
1/8/2017,1.2,FW28182,3.96,69600
1/9/2017,1.1,RS29392,4.74,67200
1/10/2017,2.8,AL30JS,3.66,45600
1/10/2017,1.9,MQ23134,3.24,67200
1/11/2017,2.5,SZ3152,3.75,55200
1/12/2017,2.8,WI38374,4.53,62400
1/12/2017,2.8,KN84849,5.37,81600
1/12/2017,3.1,AU44452,5.1,36000
1/12/2017,1.7,DC54863,6.24,91200
1/13/2017,2.9,TW29382,3.3,24000
1/13/2017,2.4,UY59785,5.61,96000
1/13/2017,3.2,IW2312,3.81,43200
1/14/2017,1.4,ZJ2913,3.15,43200
1/14/2017,3,ST20938,5.94,84000
1/15/2017,2.5,BH66216,5.94,55200
1/15/2017,2.4,UY59785,4.35,55200
1/15/2017,3,GK2341,3.36,88800
1/15/2017,1.3,AU44452,6.24,64800
1/16/2017,1.6,WI38374,5.49,79200
1/16/2017,2.4,SD61301,4.98,40800
1/16/2017,2.2,DJ2281,4.5,55200
1/16/2017,1.3,TM29319,5.22,50400
1/17/2017,2.3,ST20938,3.18,33600
1/17/2017,3,CH28931,5.79,93600
1/17/2017,2.1,AJ93848,3.57,74400
1/17/2017,1.5,DC54863,3.33,24000
1/17/2017,1.8,ES2123,4.53,43200
1/18/2017,1.8,DI41455,3.81,55200
1/18/2017,1.3,AJ93848,4.14,96000
1/18/2017,1.8,WI38374,4.65,84000
1/18/2017,1.1,TM29319,4.08,79200
1/19/2017,1,QW56895,4.83,84000
1/19/2017,2.6,AJ93848,4.71,55200
1/20/2017,2.9,DJ2281,3.72,64800
1/20/2017,1.8,TM29319,5.55,72000
1/20/2017,3.1,DI41455,5.22,69600
1/21/2017,2.4,DI41455,5.67,86400
1/22/2017,3,TM29319,3.96,91200
1/22/2017,1.5,QP2312,6.21,88800
1/22/2017,2.6,KN84849,4.2,48000
1/22/2017,2.3,JB23919,4.29,67200
1/23/2017,2.2,KN84849,3.6,72000
1/24/2017,2.1,LL22355,3.36,62400
1/24/2017,2,BI5721,3.93,57600
1/24/2017,2,TM29319,4.05,38400
1/24/2017,1.3,CH28931,3.54,48000
1/25/2017,1.9,ES2123,6.39,24000
1/25/2017,1.2,KN84849,6.09,62400
1/26/2017,1.4,QW56895,5.22,36000
1/26/2017,2.8,JI20398,3.78,69600
1/27/2017,3.3,CH28931,4.14,48000
1/27/2017,2.1,QP2312,3.39,55200
1/27/2017,2.9,AU44452,4.08,69600
1/27/2017,2.5,CH28931,5.85,74400
1/27/2017,1,DI41455,4.59,81600
1/28/2017,3.2,JI20398,4.89,96000
1/28/2017,1.9,EB26526,6.27,84000
1/28/2017,3.1,RS29392,5.79,55200
1/28/2017,3.1,YB12929,3.3,86400
1/28/2017,1.4,BI5721,4.41,50400
1/29/2017,2.5,SS93393,5.37,76800
1/30/2017,2,TM29319,4.53,48000
1/31/2017,1.5,IW2312,3.84,55200
1/31/2017,1.8,CH28931,4.8,88800
1/31/2017,1.3,ZJ2913,5.07,38400
1/31/2017,1.1,LL22355,5.04,96000
2/1/2017,2.8,BI5721,6.36,67200
2/1/2017,1.1,QP2312,4.47,45600
2/1/2017,2.6,ST20938,3.69,96000
2/1/2017,2.4,BH66216,5.25,40800
2/1/2017,1.1,BH66216,4.5,91200
2/2/2017,3,LL22355,3.48,43200
2/2/2017,2.7,TM29319,3.78,40800
2/2/2017,2.4,ES2123,6.42,48000
2/2/2017,2.5,DI41455,4.62,74400
2/5/2017,3,JI20398,3.75,86400
2/6/2017,2.4,ES2123,5.97,45600
2/6/2017,0.8,YB12929,3.3,62400
2/6/2017,1.8,MQ23134,6.12,40800
2/6/2017,1.4,FW28182,3.51,57600
2/6/2017,1.2,JB23919,5.01,26400
2/6/2017,1,TW29382,3.84,43200
2/7/2017,1.2,WI38374,4.38,33600
2/7/2017,3.1,ZJ2913,6.15,38400
2/8/2017,2.7,EB26526,4.95,40800
2/8/2017,2,KN84849,4.23,69600
2/8/2017,1.4,WI38374,6.03,64800
2/9/2017,1.2,DC54863,6.36,48000
2/9/2017,2.7,SS93393,3.84,43200
2/9/2017,2.9,FW28182,5.1,79200
2/10/2017,3.2,JI20398,6.21,24000
2/10/2017,2.7,TW29382,5.52,55200
2/10/2017,1.3,WI38374,6.24,79200
2/10/2017,1.1,AJ93848,4.53,72000
2/10/2017,2.9,LL22355,3.48,52800
2/11/2017,2.7,DJ2281,6.27,84000
2/11/2017,1.2,BH66216,4.77,48000
2/11/2017,2.6,FM2318,4.32,79200
2/11/2017,2.4,FW28182,5.04,67200
2/11/2017,2.8,BI5721,5.76,84000
2/12/2017,2.6,FW28182,6.45,76800
2/12/2017,1.9,FM2318,5.76,31200
2/13/2017,2.6,FM2318,5.73,28800
2/13/2017,1.6,KN2312,4.5,24000
2/13/2017,1.9,IW2312,5.52,48000
2/13/2017,1.3,EB26526,3.72,60000
2/14/2017,2.4,QP2312,3.93,74400
2/15/2017,1.8,BH66216,4.74,64800
2/15/2017,0.9,QW56895,5.52,93600
2/16/2017,1.4,ES2123,5.67,40800
2/16/2017,2.5,QP2312,5.97,48000
2/16/2017,2.9,TW29382,3.63,96000
2/16/2017,1.6,AJ93848,4.14,52800
2/16/2017,3,MQ23134,3.36,48000
2/17/2017,0.8,TM29319,6.21,31200
2/19/2017,2.5,ST20938,4.05,64800
2/19/2017,2.8,KN84849,4.8,33600
2/19/2017,2.9,KN2312,6.27,96000
2/19/2017,2.1,IW2312,4.41,38400
2/20/2017,3.1,SD61301,4.14,60000
2/20/2017,1.5,DC54863,4.56,86400
2/20/2017,3.2,WI38374,4.29,48000
2/21/2017,2.2,YB12929,5.64,88800
2/21/2017,1.9,JB23919,4.11,31200
2/22/2017,1.9,JB23919,4.53,28800
2/22/2017,2.5,RS29392,3.93,62400
2/23/2017,2.7,AJ93848,5.07,84000
2/23/2017,2.3,SS93393,6.45,24000
2/23/2017,1.6,DJ2281,3.99,79200
2/24/2017,2.5,QW56895,5.67,26400
2/24/2017,2.8,ES2123,3.15,72000
2/26/2017,2.5,QW56895,5.22,76800
2/26/2017,1.9,GK2341,4.41,38400
2/27/2017,1.7,KN2312,4.68,40800
2/27/2017,1.8,BH66216,4.62,60000
2/27/2017,1.3,GK2341,3.48,48000
2/28/2017,1.8,SS93393,4.32,38400
3/1/2017,2.9,JI20398,4.5,52800
3/1/2017,2.1,BI5721,4.8,84000
3/2/2017,2.6,BH66216,4.29,45600
3/2/2017,2.3,GK2341,5.22,96000
3/2/2017,2.5,GK2341,5.85,55200
3/2/2017,1,QW56895,5.85,26400
3/2/2017,2,LL22355,5.88,38400
3/2/2017,1.6,DJ2281,6,72000
3/3/2017,1.1,BI5721,4.47,86400
3/3/2017,1.8,UY59785,3.66,88800
3/3/2017,1.6,KN84849,3.72,84000
3/4/2017,1.8,YB12929,5.43,36000
3/4/2017,0.9,JI20398,6.24,40800
3/5/2017,2.1,MQ23134,3.63,67200
3/5/2017,2.6,MQ23134,6.12,50400
3/5/2017,1.8,AL30JS,3.93,33600
3/6/2017,2.3,UY59785,5.64,38400
3/6/2017,2.9,AJ93848,4.26,36000
3/6/2017,2.1,KN2312,5.85,24000
3/7/2017,2.3,WI38374,5.79,93600
3/8/2017,2.3,JB23919,3.57,96000
3/8/2017,2,FM2318,4.92,26400
3/8/2017,1.1,ES2123,3.57,38400
3/8/2017,2.5,AJ93848,4.17,91200
3/9/2017,3.1,AJ93848,4.05,64800
3/10/2017,0.8,SD61301,4.23,91200
3/10/2017,1.4,SD61301,5.85,93600
3/11/2017,2.9,ZJ2913,6.18,62400
3/12/2017,1,AJ93848,4.41,88800
3/12/2017,1.6,JI20398,4.65,79200
3/14/2017,1.9,LL22355,5.28,33600
3/14/2017,1.1,AJ93848,4.14,52800
3/15/2017,1.6,BI5721,4.41,62400
3/16/2017,2.3,KN84849,5.7,60000
3/16/2017,2.4,IW2312,4.68,52800
3/16/2017,1.4,JB23919,3.27,50400
3/17/2017,1.4,GK2341,6.48,93600
3/18/2017,2.2,ST20938,6,86400
3/18/2017,2.8,ZJ2913,4.23,84000
3/18/2017,1.6,ES2123,5.82,79200
3/19/2017,1.1,TW29382,3.27,88800
3/20/2017,1.3,IW2312,4.71,86400
3/20/2017,1.6,SZ3152,3.66,74400
3/21/2017,1.2,TW29382,6.45,62400
3/21/2017,2.5,ST20938,5.73,36000
3/22/2017,1.9,CH28931,4.17,28800
3/22/2017,2.7,ST20938,4.11,33600
3/22/2017,2.8,ST20938,3.15,36000
3/22/2017,2.6,AU44452,6.24,96000
3/23/2017,0.9,YB12929,5.13,88800
3/23/2017,3.1,AL30JS,6.03,72000
3/23/2017,2.2,FW28182,5.49,84000
3/23/2017,2.6,KN84849,5.04,43200
3/24/2017,2.8,GK2341,5.01,62400
3/24/2017,2.2,TW29382,3.93,36000
3/24/2017,1.5,CH28931,5.97,62400
3/24/2017,2.7,RS29392,4.47,60000
3/24/2017,1.6,BI5721,4.98,67200
3/24/2017,1.8,DI41455,5.13,69600
3/25/2017,1.1,AL30JS,4.74,88800
3/25/2017,0.9,QW56895,6.21,60000
3/25/2017,2.5,KN84849,4.86,52800
3/26/2017,1.9,TM29319,6.36,81600
3/26/2017,3,YB12929,4.68,24000
3/26/2017,2.7,BI5721,3.6,72000
3/26/2017,1.9,QP2312,3.93,48000
3/26/2017,1.1,FM2318,5.73,62400
3/27/2017,1.9,RS29392,4.17,24000
3/28/2017,1.7,YB12929,4.17,48000
3/29/2017,2.8,SZ3152,4.05,24000
3/30/2017,1.2,QW56895,3.72,64800
3/30/2017,2.6,AJ93848,6.12,86400
3/30/2017,2.6,AL30JS,5.28,60000
3/30/2017,2.2,QP2312,6.27,40800
4/1/2017,1.8,SD61301,3.39,74400
4/2/2017,3,KN2312,3.36,45600
4/3/2017,2.2,WI38374,4.56,72000
4/3/2017,2.2,YB12929,5.19,91200
4/3/2017,2,EB26526,6.33,88800
4/4/2017,3.3,KN84849,5.34,38400
4/4/2017,1.5,DC54863,4.17,26400
4/4/2017,1.2,FW28182,6.33,67200
4/5/2017,3.1,JB23919,5.49,50400
4/6/2017,2.7,YB12929,3.15,36000
4/6/2017,2.1,SS93393,3.27,33600
4/7/2017,2.8,DC54863,4.74,81600
4/7/2017,1,TW29382,5.28,31200
4/8/2017,2.3,KN84849,5.43,24000
4/8/2017,2.6,EB26526,6.48,64800
4/8/2017,3.1,QW56895,5.85,91200
4/8/2017,2.5,TM29319,6.27,45600
4/9/2017,3.3,AU44452,4.68,26400
4/9/2017,3.1,DI41455,3.9,91200
4/10/2017,1.1,AU44452,4.77,26400
4/11/2017,1.1,ZJ2913,3.96,64800
4/12/2017,2,LL22355,3.69,50400
4/12/2017,2.1,EB26526,3.27,74400
4/13/2017,2.6,SS93393,4.29,33600
4/13/2017,1.5,AL30JS,5.22,74400
4/13/2017,2.3,KN2312,3.33,26400
4/15/2017,1.1,TM29319,5.19,50400
4/15/2017,3.1,FM2318,5.1,67200
4/16/2017,2,JB23919,5.34,79200
4/16/2017,0.8,SD61301,5.01,52800
4/16/2017,2.7,QW56895,6.06,38400
4/16/2017,1.1,DI41455,4.68,81600
4/17/2017,1.8,IW2312,5.61,64800
4/17/2017,1.4,AJ93848,4.29,93600
4/17/2017,0.9,MQ23134,6.27,76800
4/18/2017,2.2,JI20398,4.65,88800
4/18/2017,2.6,QP2312,4.53,93600
4/19/2017,2.5,MQ23134,3.27,96000
4/19/2017,1.7,TW29382,5.22,55200
4/19/2017,1.3,IW2312,3.69,96000
4/19/2017,1.3,JB23919,6,72000
4/21/2017,2.8,KN2312,3.57,36000
4/21/2017,1.7,FM2318,3.75,79200
4/21/2017,0.8,KN84849,6,43200
4/22/2017,1.7,DC54863,5.94,38400
4/23/2017,2.1,ES2123,5.31,91200
4/23/2017,2.9,RS29392,3.42,55200
4/23/2017,1.4,DJ2281,3.42,93600
4/23/2017,1.2,ZJ2913,3.12,84000
4/25/2017,1.4,BI5721,4.44,88800
4/25/2017,3.1,JB23919,4.35,24000
4/25/2017,2.1,AU44452,4.65,74400
4/25/2017,1.3,AJ93848,5.1,62400
4/26/2017,1,AU44452,4.68,36000
4/26/2017,1.1,RS29392,4.5,84000
4/26/2017,3.2,ZJ2913,3.36,43200
4/27/2017,3,AU44452,5.16,69600
4/27/2017,2.3,SS93393,4.23,33600
4/27/2017,1,QW56895,6.27,40800
4/29/2017,1.3,ES2123,4.86,69600
4/29/2017,2,DJ2281,4.08,45600
4/30/2017,1.7,DC54863,5.46,50400
5/1/2017,2.4,GK2341,4.26,62400
5/1/2017,2.5,FW28182,3.3,48000
5/1/2017,2.5,DJ2281,3.48,72000
5/1/2017,3.2,DJ2281,6.06,55200
5/2/2017,3.3,FW28182,6.09,69600
5/3/2017,2.4,QP2312,5.76,84000
5/3/2017,3.1,QP2312,4.2,64800
5/3/2017,2,MQ23134,4.05,60000
5/3/2017,1.6,LL22355,5.25,60000
5/4/2017,2.7,IW2312,4.74,93600
5/4/2017,1.5,EB26526,6.3,91200
5/4/2017,2,UY59785,5.73,43200
5/5/2017,1.4,YB12929,4.11,64800
5/5/2017,2.7,ES2123,5.58,74400
5/5/2017,2.6,DC54863,3.6,84000
5/7/2017,3,CH28931,6,33600
5/7/2017,2,JB23919,4.2,79200
5/8/2017,1.7,AJ93848,5.52,50400
5/8/2017,1.6,RS29392,3.12,31200
5/9/2017,2.6,MQ23134,5.61,86400
5/9/2017,2.8,JB23919,3.99,43200
5/10/2017,3.2,ST20938,6.3,88800
5/12/2017,1.6,KN84849,4.17,43200
5/12/2017,1,DC54863,5.49,86400
5/12/2017,1,IW2312,3.18,84000
5/12/2017,3.1,DC54863,5.85,26400
5/12/2017,2.9,DC54863,6,38400
5/13/2017,3.2,ZJ2913,6.3,62400
5/13/2017,0.9,TM29319,4.98,84000
5/13/2017,1.9,IW2312,6.09,86400
5/14/2017,1.9,KN84849,4.08,74400
5/14/2017,0.9,TW29382,5.25,28800
5/14/2017,2.8,TW29382,6.15,88800
5/15/2017,2.3,QP2312,6.15,64800
5/16/2017,3,IW2312,6.09,67200
5/17/2017,2.3,AJ93848,5.28,40800
5/18/2017,1.3,KN84849,4.68,60000
5/18/2017,3.1,IW2312,4.71,79200
5/19/2017,3.2,JB23919,3.69,93600
5/20/2017,1.2,DI41455,3.93,76800
5/20/2017,1.6,QP2312,5.43,93600
5/20/2017,1.2,MQ23134,3.24,33600
5/20/2017,1,SS93393,3.96,84000
5/21/2017,1.1,GK2341,3.15,60000
5/21/2017,2,JB23919,5.82,84000
5/22/2017,1.2,MQ23134,5.58,48000
5/22/2017,1.6,DC54863,6.39,76800
5/23/2017,1.7,QP2312,5.25,79200
5/24/2017,1,FM2318,3.27,72000
5/25/2017,1.1,EB26526,4.59,67200
5/25/2017,3,MQ23134,3.15,64800
5/26/2017,1.9,ES2123,3.48,24000
5/26/2017,2,TW29382,4.14,31200
5/26/2017,3,DI41455,5.88,91200
5/26/2017,3.3,BI5721,3.69,43200
5/27/2017,1.5,SZ3152,5.31,81600
5/27/2017,2.9,RS29392,5.01,57600
5/27/2017,1.7,QW56895,5.97,55200
5/28/2017,0.9,AJ93848,3.51,57600
5/29/2017,2.1,ES2123,6.45,36000
5/29/2017,2.6,YB12929,3.75,88800
5/29/2017,3,MQ23134,4.83,69600
5/30/2017,2.6,QW56895,5.91,62400
5/30/2017,1.3,DJ2281,3.3,62400
5/30/2017,2,AU44452,4.56,26400
5/30/2017,2.6,FM2318,5.85,57600
5/31/2017,1.9,LL22355,4.83,60000
5/31/2017,1.5,UY59785,3.54,48000
6/1/2017,1.5,YB12929,4.65,86400
6/2/2017,2,ZJ2913,5.97,38400
6/2/2017,2.3,ST20938,5.49,91200
6/2/2017,2.4,AJ93848,3.48,45600
6/3/2017,1.5,TM29319,5.61,28800
6/5/2017,0.9,QW56895,3.63,28800
6/5/2017,3.2,TW29382,5.34,28800
6/7/2017,1.4,LL22355,5.46,64800
6/8/2017,3.2,AU44452,3.15,96000
6/8/2017,1.9,CH28931,3.3,91200
6/8/2017,2,DI41455,3.36,86400
6/8/2017,1.5,JB23919,3.84,62400
6/8/2017,2.2,DC54863,5.88,96000
6/8/2017,1.1,WI38374,6.3,96000
6/9/2017,1.1,FM2318,5.22,60000
6/9/2017,2.2,ZJ2913,4.38,96000
6/9/2017,1.1,SS93393,5.07,69600
6/11/2017,1.9,KN84849,3.54,72000
6/11/2017,2.1,ES2123,3.63,28800
6/12/2017,2.1,CH28931,3.18,48000
6/12/2017,2.3,KN84849,6.48,96000
6/12/2017,1.3,DJ2281,4.74,64800
6/12/2017,2.9,SS93393,5.04,88800
6/12/2017,3.1,ES2123,4.62,36000
6/13/2017,2.5,FW28182,6.06,81600
6/14/2017,1.4,YB12929,4.11,79200
6/14/2017,3.1,SD61301,3.51,60000
6/14/2017,1.9,TW29382,3.93,62400
6/14/2017,2.5,WI38374,5.1,84000
6/15/2017,2,FM2318,5.7,36000
6/15/2017,1.2,QP2312,5.91,50400
6/15/2017,1,TM29319,5.97,96000
6/17/2017,3.2,MQ23134,4.62,91200
6/17/2017,1.2,QP2312,4.17,50400
6/17/2017,0.9,CH28931,3.3,52800
6/18/2017,1.3,TW29382,5.61,36000
6/19/2017,1.9,ST20938,4.47,88800
6/19/2017,1.7,ZJ2913,6.21,33600
6/19/2017,2.7,SD61301,4.86,24000
6/19/2017,0.8,BH66216,3.78,84000
6/20/2017,2.6,BI5721,5.64,31200
6/21/2017,1.8,KN84849,5.7,93600
6/21/2017,2.9,DJ2281,5.58,36000
6/22/2017,2.4,ZJ2913,5.37,74400
6/23/2017,0.9,BI5721,3.24,52800
6/23/2017,3.2,TM29319,3.9,93600
6/23/2017,1,WI38374,4.08,79200
6/24/2017,2.6,DJ2281,3.87,50400
6/24/2017,2.6,KN84849,6.27,88800
6/25/2017,1.1,QW56895,3.21,81600
6/25/2017,0.8,SD61301,5.76,48000
6/26/2017,1.2,LL22355,3.84,31200
6/26/2017,3.1,DC54863,4.14,36000
6/27/2017,1.9,QP2312,4.71,81600
6/27/2017,2.1,AL30JS,5.55,52800
6/27/2017,3.3,ST20938,6.21,91200
6/27/2017,2.9,KN84849,4.59,91200
6/28/2017,2.9,KN2312,3.24,24000
6/28/2017,3,KN2312,3.9,72000
6/29/2017,2.6,DC54863,5.43,48000
6/29/2017,1.2,KN2312,6.36,64800
6/29/2017,2,WI38374,3.42,38400
6/30/2017,1.1,TM29319,6.45,96000
7/1/2017,1.9,KN84849,4.86,72000
7/1/2017,2.4,RS29392,4.5,93600
7/1/2017,1.9,FW28182,5.85,67200
7/2/2017,1.3,MQ23134,5.04,81600
7/2/2017,3.1,DI41455,4.77,48000
7/2/2017,1.3,SZ3152,3.96,50400
7/3/2017,2.4,WI38374,6.39,86400
7/3/2017,2.5,RS29392,5.31,45600
7/5/2017,1.3,KN2312,4.74,38400
7/6/2017,3.1,SZ3152,3.72,76800
7/6/2017,2.3,JI20398,5.04,57600
7/8/2017,1.6,FW28182,3.93,64800
7/9/2017,3.2,CH28931,3.36,81600
7/9/2017,1.8,CH28931,3.24,72000
7/10/2017,1.1,GK2341,5.61,45600
7/10/2017,1.3,UY59785,4.59,96000
7/11/2017,1.5,FM2318,3.99,36000
7/11/2017,1.6,DC54863,4.53,72000
7/11/2017,0.9,WI38374,5.82,62400
7/12/2017,3.1,WI38374,3.63,69600
7/12/2017,2.8,JI20398,3.39,74400
7/12/2017,2.5,TW29382,5.16,96000
7/13/2017,0.9,TW29382,4.68,88800
7/13/2017,1.8,AJ93848,3.15,55200
7/13/2017,2.2,BI5721,5.37,64800
7/13/2017,1,GK2341,6.45,57600
7/13/2017,2.3,QW56895,6.03,76800
7/14/2017,1.3,JI20398,5.16,48000
7/15/2017,2.3,SZ3152,5.25,96000
7/15/2017,2.9,TW29382,6.48,91200
7/15/2017,1.4,EB26526,5.49,86400
7/15/2017,2.9,IW2312,5.76,48000
7/15/2017,0.8,CH28931,5.7,79200
7/15/2017,2.8,AL30JS,6.42,72000
7/16/2017,1.9,KN2312,5.58,91200
7/16/2017,1,JB23919,5.28,43200
7/16/2017,0.8,ST20938,4.08,33600
7/17/2017,1.7,AL30JS,5.82,31200
7/17/2017,1.1,JB23919,3.81,96000
7/17/2017,3,DC54863,5.43,69600
7/18/2017,2.3,FM2318,3.48,67200
7/18/2017,3,TW29382,4.2,40800
7/18/2017,2,ES2123,6.36,84000
7/18/2017,1.5,GK2341,3.33,76800
7/18/2017,3,AL30JS,6.33,81600
7/19/2017,1,ST20938,6.48,36000
7/19/2017,3.2,TW29382,5.13,62400
7/20/2017,2.9,ES2123,4.98,31200
7/20/2017,3.1,KN2312,6.09,45600
7/20/2017,1.2,AJ93848,4.65,74400
7/21/2017,3.1,ZJ2913,3.66,86400
7/21/2017,1.9,WI38374,3.66,84000
7/21/2017,1.4,TW29382,5.67,43200
7/22/2017,2.5,SS93393,5.28,81600
7/22/2017,1.6,BI5721,3.15,67200
7/22/2017,2.8,DI41455,5.82,69600
7/22/2017,2.2,AU44452,3.9,74400
7/23/2017,3.1,QW56895,5.1,45600
7/24/2017,1.5,WI38374,3.66,72000
7/24/2017,2.3,MQ23134,4.35,74400
7/24/2017,1.8,AJ93848,6.06,64800
7/24/2017,2.8,KN84849,5.97,24000
7/24/2017,1.3,AJ93848,3.93,31200
7/27/2017,1.1,AL30JS,4.95,64800
7/27/2017,2.2,AU44452,3.87,86400
7/27/2017,1.1,AU44452,3.33,86400
7/27/2017,2.1,YB12929,5.25,26400
7/27/2017,1,JI20398,3.54,28800
7/28/2017,2.9,EB26526,4.05,69600
7/30/2017,3,YB12929,3.9,93600
7/30/2017,1.6,AJ93848,6.3,60000
7/30/2017,2.9,DC54863,5.7,24000
7/30/2017,2.1,ES2123,3.69,43200
7/31/2017,2.7,ST20938,4.83,79200
7/31/2017,1.8,AU44452,4.83,84000
8/1/2017,3,KN84849,5.82,62400
8/2/2017,1.2,FM2318,3.57,74400
8/2/2017,2.2,LL22355,6.42,93600
8/2/2017,3.1,QW56895,3.09,36000
8/3/2017,1.6,DI41455,4.41,72000
8/3/2017,2.1,JI20398,6.33,50400
8/3/2017,2.9,AJ93848,3.99,36000
8/4/2017,2.6,GK2341,5.01,96000
8/5/2017,2.5,KN2312,6.39,72000
8/5/2017,2.3,TM29319,5.28,33600
8/5/2017,2.1,FW28182,6.09,43200
8/5/2017,3.2,TM29319,5.4,28800
8/5/2017,1.7,GK2341,5.97,93600
8/5/2017,2.2,SZ3152,5.85,62400
8/6/2017,1.3,FW28182,6.03,33600
8/6/2017,3.2,AU44452,3.9,69600
8/6/2017,3,QW56895,6.36,84000
8/7/2017,2.8,SZ3152,5.94,86400
8/7/2017,2.2,BI5721,6,67200
8/7/2017,1.5,DC54863,5.31,62400
8/8/2017,1.5,KN2312,3.69,86400
8/8/2017,2.1,YB12929,3.54,93600
8/8/2017,1.1,YB12929,3.24,76800
8/9/2017,1,SD61301,3.51,28800
8/10/2017,2.7,SZ3152,5.73,72000
8/11/2017,1.2,DI41455,5.58,64800
8/11/2017,1,LL22355,3.39,38400
8/11/2017,2.5,TM29319,5.31,62400
8/11/2017,2.6,FM2318,5.16,88800
8/12/2017,1.7,RS29392,4.23,43200
8/12/2017,1,DI41455,5.58,93600
8/13/2017,1.5,FM2318,5.46,52800
8/14/2017,2.8,MQ23134,3.69,26400
8/14/2017,1.1,SZ3152,5.07,74400
8/14/2017,1.1,DJ2281,4.32,67200
8/15/2017,2.8,AU44452,3.45,52800
8/15/2017,1.7,MQ23134,3.87,79200
8/16/2017,1.8,FM2318,6.15,38400
8/16/2017,2.8,FM2318,5.94,72000
8/16/2017,2.1,KN84849,5.31,40800
8/17/2017,2.7,FW28182,4.08,28800
8/18/2017,1.6,DI41455,4.95,50400
8/18/2017,2.5,SZ3152,6,96000
8/19/2017,1.5,ST20938,6.51,38400
8/19/2017,1.2,AJ93848,4.35,76800
8/19/2017,1.7,ZJ2913,5.88,72000
8/19/2017,1,WI38374,3.78,91200
8/19/2017,2.8,SZ3152,4.02,64800
8/19/2017,1,DC54863,3.39,36000
8/20/2017,2.6,BI5721,5.64,67200
8/20/2017,2.1,FW28182,4.53,79200
8/20/2017,2.9,UY59785,4.59,45600
8/20/2017,2.8,AL30JS,4.68,60000
8/23/2017,3.2,JB23919,4.53,40800
8/23/2017,1.8,KN2312,5.61,45600
8/23/2017,2.4,FM2318,5.49,91200
8/24/2017,0.9,LL22355,3.12,64800
8/24/2017,1.3,IW2312,4.35,45600
8/24/2017,2.7,ST20938,6,40800
8/25/2017,2.7,YB12929,3.54,93600
8/26/2017,3.2,ZJ2913,5.13,33600
8/26/2017,1.7,AU44452,4.26,86400
8/27/2017,1.6,BI5721,6.06,81600
8/28/2017,2.5,AU44452,4.62,81600
8/29/2017,1.7,AJ93848,5.76,36000
8/29/2017,2,DJ2281,3.15,86400
8/30/2017,1.5,TM29319,5.46,50400
8/31/2017,1.3,EB26526,5.79,48000
9/1/2017,2.7,ES2123,5.04,52800
9/2/2017,1.7,KN84849,5.79,45600
9/3/2017,1.7,QW56895,4.59,50400
9/4/2017,1.2,MQ23134,5.58,48000
9/4/2017,2.9,RS29392,3.27,72000
9/4/2017,2.8,JB23919,5.67,67200
9/4/2017,2.6,AU44452,5.49,45600
9/5/2017,2.7,BI5721,5.61,48000
9/5/2017,1.3,AJ93848,5.97,60000
9/5/2017,2.6,YB12929,5.73,67200
9/5/2017,2,RS29392,5.16,24000
9/6/2017,2.1,KN2312,4.83,76800
9/6/2017,1.5,QW56895,3.27,31200
9/8/2017,3,SD61301,5.25,91200
9/8/2017,2,GK2341,4.53,36000
9/8/2017,1.6,QW56895,5.28,36000
9/9/2017,1.4,DI41455,3.48,33600
9/9/2017,1.2,SS93393,5.73,31200
9/9/2017,2.6,MQ23134,3.42,91200
9/9/2017,3.1,KN84849,3.87,79200
9/10/2017,1,BI5721,4.89,88800
9/10/2017,1,WI38374,3.33,60000
9/10/2017,1.8,TM29319,3.84,69600
9/10/2017,3,AU44452,3.6,60000
9/11/2017,2.9,WI38374,3.54,36000
9/11/2017,1.6,SZ3152,4.68,45600
9/12/2017,2.3,GK2341,4.23,24000
9/12/2017,2.1,YB12929,5.4,60000
9/14/2017,1.9,MQ23134,5.55,40800
9/14/2017,1.6,AL30JS,5.07,60000
9/14/2017,1.1,AL30JS,5.61,79200
9/14/2017,1.3,MQ23134,3.84,31200
9/14/2017,3.3,QW56895,6,45600
9/15/2017,2.9,KN2312,4.68,76800
9/16/2017,1,KN84849,3.9,28800
9/16/2017,1.9,AL30JS,4.2,33600
9/17/2017,1.6,YB12929,4.95,72000
9/17/2017,2.1,ES2123,5.25,28800
9/18/2017,1.3,ST20938,4.32,28800
9/19/2017,3.3,LL22355,3.3,60000
9/19/2017,2.3,DI41455,4.17,86400
9/20/2017,2.9,AJ93848,4.92,93600
9/20/2017,2.2,ES2123,4.89,50400
9/20/2017,3.2,ES2123,3.87,81600
9/20/2017,2.2,KN2312,4.56,38400
9/21/2017,2.8,FW28182,5.64,45600
9/21/2017,1.5,ZJ2913,6.12,55200
9/21/2017,1.1,IW2312,4.86,57600
9/22/2017,1.4,DJ2281,6.42,84000
9/22/2017,1.5,AU44452,6.15,57600
9/23/2017,1.6,QP2312,4.32,84000
9/23/2017,1.7,JB23919,4.32,96000
9/23/2017,1.8,SS93393,6.15,28800
9/23/2017,0.8,AJ93848,6.3,38400
9/25/2017,1.5,ST20938,3.45,26400
9/25/2017,2.5,CH28931,3.84,91200
9/25/2017,1.8,BI5721,4.47,96000
9/26/2017,1,QP2312,6.03,36000
9/26/2017,2.1,RS29392,4.17,96000
9/26/2017,3,AJ93848,5.79,88800
9/27/2017,1.6,CH28931,6.3,81600
9/28/2017,2.7,QW56895,5.31,62400
9/28/2017,2.8,FW28182,5.46,84000
9/30/2017,1.2,QP2312,4.53,52800
10/1/2017,2.8,SZ3152,5.97,60000
10/1/2017,2.4,AJ93848,6.36,40800
10/2/2017,2.2,FM2318,6.06,26400
10/2/2017,1.6,YB12929,6.39,84000
10/4/2017,1.3,ES2123,5.01,40800
10/5/2017,3.1,EB26526,5.64,48000
10/6/2017,2,RS29392,3.48,79200
10/6/2017,0.8,QW56895,5.01,45600
10/6/2017,2.9,SZ3152,5.55,84000
10/7/2017,2,JI20398,6.06,45600
10/7/2017,1.8,AU44452,5.01,79200
10/8/2017,2,EB26526,5.04,43200
10/8/2017,1.7,JB23919,4.02,52800
10/9/2017,2.6,DJ2281,6.21,45600
10/9/2017,1.9,TW29382,3.63,33600
10/9/2017,1.3,FW28182,4.83,96000
10/10/2017,2.4,BH66216,6.12,86400
10/10/2017,1.3,JI20398,4.56,45600
10/10/2017,1.2,EB26526,5.94,69600
10/10/2017,3.1,TM29319,5.82,43200
10/11/2017,3.2,EB26526,5.34,81600
10/11/2017,1.3,ZJ2913,6.39,50400
10/12/2017,1.4,BH66216,5.16,88800
10/12/2017,1.5,ST20938,6.24,91200
10/13/2017,1.7,AL30JS,5.7,55200
10/13/2017,1.7,ES2123,6.45,50400
10/14/2017,3.1,TW29382,3.45,40800
10/15/2017,2.3,ZJ2913,3.99,43200
10/15/2017,2.4,QW56895,4.53,62400
10/15/2017,1.2,ZJ2913,3.72,33600
10/16/2017,0.8,DI41455,4.71,79200
10/16/2017,3,KN2312,4.44,60000
10/16/2017,3.1,DI41455,4.71,60000
10/16/2017,3.2,ST20938,5.31,48000
10/17/2017,3.2,AJ93848,4.11,81600
10/17/2017,2,AJ93848,5.07,33600
10/18/2017,2.2,JI20398,5.67,62400
10/18/2017,0.8,UY59785,4.02,36000
10/18/2017,2.3,FM2318,4.56,88800
10/19/2017,3.1,FM2318,5.91,55200
10/20/2017,2.1,QW56895,5.64,88800
10/20/2017,0.9,AU44452,3.87,48000
10/20/2017,0.9,AL30JS,4.59,57600
10/24/2017,1.5,EB26526,5.19,74400
10/24/2017,3.1,JI20398,4.71,50400
10/25/2017,1.2,DC54863,5.64,33600
10/25/2017,1.7,DC54863,4.53,45600
10/26/2017,2.7,DJ2281,6.09,88800
10/26/2017,1.4,TM29319,5.61,74400
10/27/2017,2.6,DJ2281,5.58,48000
10/27/2017,2.4,CH28931,5.13,84000
10/27/2017,2.8,WI38374,4.5,38400
10/28/2017,2.1,WI38374,3.12,40800
10/28/2017,2.5,DJ2281,5.88,55200
10/29/2017,3.1,TW29382,4.08,88800
10/29/2017,1.4,CH28931,4.41,57600
10/30/2017,1.6,QW56895,5.04,86400
10/30/2017,1.3,YB12929,3.39,50400
10/30/2017,1,LL22355,5.04,67200
10/31/2017,3.1,DI41455,5.43,52800
10/31/2017,0.8,WI38374,4.08,88800
10/31/2017,3.3,RS29392,3.45,96000
11/1/2017,1,FW28182,6.21,64800
11/1/2017,1.8,JB23919,4.11,24000
11/2/2017,3.1,IW2312,5.25,60000
11/2/2017,1.1,RS29392,3.96,62400
11/2/2017,3.1,FW28182,3.78,67200
11/2/2017,3.1,WI38374,6.06,28800
11/2/2017,2.3,KN2312,3.12,69600
11/2/2017,1.8,MQ23134,6.09,79200
11/3/2017,1.7,IW2312,5.82,64800
11/3/2017,2.2,SZ3152,3.3,60000
11/3/2017,2.7,QP2312,3.42,86400
11/3/2017,1.2,AJ93848,5.64,81600
11/4/2017,1.4,ZJ2913,3.21,43200
11/4/2017,1.7,BH66216,4.98,48000
11/4/2017,2.4,SS93393,4.08,50400
11/4/2017,2.8,MQ23134,6.09,79200
11/4/2017,2.2,FW28182,4.47,52800
11/5/2017,1.5,ST20938,3.3,31200
11/5/2017,3.2,AJ93848,3.99,74400
11/6/2017,0.8,DC54863,3.72,81600
11/6/2017,1.5,KN84849,5.52,31200
11/6/2017,2.1,GK2341,4.68,38400
11/7/2017,1.6,RS29392,3.87,33600
11/8/2017,2.4,KN2312,5.22,36000
11/8/2017,2.5,JB23919,5.76,38400
11/10/2017,2.3,ZJ2913,3.36,64800
11/10/2017,1.2,AL30JS,6.27,57600
11/11/2017,3.2,RS29392,5.19,36000
11/12/2017,3,FW28182,5.52,86400
11/13/2017,2.8,IW2312,4.95,50400
11/14/2017,0.9,WI38374,4.17,76800
11/14/2017,0.9,JB23919,4.5,91200
11/14/2017,1.5,AU44452,4.38,96000
11/14/2017,1.9,FM2318,5.61,86400
11/14/2017,2.2,SS93393,5.91,74400
11/15/2017,2.3,ES2123,5.01,62400
11/16/2017,1.3,KN84849,3.51,81600
11/16/2017,1.7,CH28931,3.27,74400
11/17/2017,1.3,LL22355,3.51,84000
11/17/2017,1.7,UY59785,4.08,38400
11/17/2017,2.6,WI38374,4.92,64800
11/17/2017,1.2,WI38374,6.42,64800
11/18/2017,2.3,TM29319,5.7,69600
11/19/2017,1.9,ES2123,5.07,67200
11/19/2017,2.6,MQ23134,5.82,43200
11/19/2017,1.2,QP2312,6.48,72000
11/20/2017,2.7,BH66216,4.02,79200
11/20/2017,1.1,UY59785,4.23,52800
11/22/2017,3.1,BH66216,3.18,26400
11/23/2017,1.1,IW2312,5.22,24000
11/23/2017,2.1,JI20398,4.98,84000
11/23/2017,3,JB23919,4.56,93600
11/24/2017,3.3,SZ3152,3.57,55200
11/25/2017,2,AL30JS,3.51,43200
11/26/2017,2.3,EB26526,4.05,33600
11/26/2017,2.5,LL22355,4.71,91200
11/27/2017,2.4,FM2318,3.66,33600
11/28/2017,1.9,TM29319,6.42,36000
11/28/2017,2.7,RS29392,6.09,43200
11/28/2017,3,BH66216,4.41,62400
11/28/2017,1.3,RS29392,3.87,62400
11/29/2017,2.9,KN84849,4.56,86400
11/29/2017,2.8,DJ2281,3.78,88800
11/30/2017,2,AJ93848,5.19,60000
12/1/2017,2.1,TM29319,3.15,24000
12/1/2017,3.1,DJ2281,3.54,24000
12/1/2017,1.3,BI5721,4.17,67200
12/2/2017,2,ES2123,6.06,74400
12/2/2017,1.6,SD61301,4.41,26400
12/2/2017,1,ST20938,5.55,96000
12/4/2017,2.8,YB12929,3.72,93600
12/4/2017,1.2,UY59785,3.36,84000
12/4/2017,2.8,YB12929,4.14,79200
12/4/2017,2.4,AL30JS,4.83,38400
12/5/2017,1.4,AL30JS,3.84,52800
12/5/2017,2.7,DJ2281,4.26,62400
12/5/2017,1,ST20938,5.19,60000
12/6/2017,2.1,DJ2281,4.74,81600
12/6/2017,3,YB12929,4.35,76800
12/7/2017,2.5,CH28931,4.53,57600
12/7/2017,1.5,ES2123,3.78,28800
12/8/2017,2.1,QP2312,3.3,62400
12/8/2017,3.2,BH66216,3.3,72000
12/9/2017,2.4,SD61301,4.74,24000
12/11/2017,1.3,IW2312,4.26,72000
12/12/2017,3.2,ES2123,6.3,60000
12/12/2017,1.8,RS29392,4.41,88800
12/13/2017,3.2,MQ23134,4.35,36000
12/13/2017,1.8,DI41455,5.7,96000
12/13/2017,2.4,DI41455,3.48,36000
12/13/2017,3.1,IW2312,5.16,48000
12/13/2017,2.7,DC54863,4.47,64800
12/13/2017,2.9,KN84849,6.45,24000
12/13/2017,2.3,JB23919,4.23,31200
12/14/2017,2.1,KN2312,6.03,26400
12/14/2017,2.8,SD61301,4.68,33600
12/14/2017,3.3,SS93393,6.42,69600
12/14/2017,1.6,JI20398,3.24,84000
12/14/2017,1.9,BI5721,6.51,93600
12/15/2017,2.3,BH66216,6.27,88800
12/15/2017,3.2,YB12929,4.71,57600
12/15/2017,1.3,SZ3152,6.39,36000
12/17/2017,2.8,TW29382,5.85,38400
12/17/2017,1.4,SZ3152,4.14,36000
12/17/2017,2.3,SD61301,6.42,96000
12/17/2017,3,QW56895,6.51,88800
12/18/2017,2.3,AU44452,4.77,33600
12/18/2017,2.8,SZ3152,3.87,55200
12/18/2017,1.5,IW2312,5.04,57600
12/19/2017,2.3,EB26526,5.25,60000
12/20/2017,1.9,CH28931,4.95,64800
12/20/2017,1.5,DC54863,4.41,43200
12/21/2017,2.2,MQ23134,4.29,38400
12/21/2017,1.9,SD61301,5.55,74400
12/22/2017,2.4,AL30JS,5.82,50400
12/22/2017,2.6,AL30JS,3.33,93600
12/23/2017,2.5,GK2341,3.36,57600
12/23/2017,2.3,AL30JS,4.38,55200
12/23/2017,3.1,FM2318,3.87,67200
12/23/2017,2,DI41455,5.43,86400
12/23/2017,1.6,QP2312,3.45,36000
12/24/2017,2.2,RS29392,4.41,57600
12/24/2017,2.2,SZ3152,6.27,64800
12/24/2017,1,UY59785,3.9,74400
12/24/2017,2.8,KN84849,3.69,60000
12/24/2017,1.8,WI38374,6.21,38400
12/25/2017,2.4,TW29382,5.13,26400
12/26/2017,2.7,JI20398,5.16,33600
12/26/2017,1.8,WI38374,3.18,31200
12/26/2017,0.9,EB26526,4.53,28800
12/26/2017,1.1,AJ93848,3.51,72000
12/26/2017,2.1,ZJ2913,4.35,57600
12/26/2017,3,SD61301,4.68,24000
12/26/2017,2.8,IW2312,4.83,50400
12/28/2017,1.4,BH66216,3.33,74400
12/28/2017,1.5,DJ2281,5.58,84000
12/28/2017,2.1,KN2312,5.64,24000
12/28/2017,2.5,IW2312,6.18,93600
12/29/2017,2.4,JB23919,3.24,57600
12/30/2017,3.3,MQ23134,3.63,67200
12/30/2017,2.7,ST20938,3.78,52800
12/30/2017,1.4,RS29392,4.44,48000
12/30/2017,2.3,ZJ2913,5.97,88800
12/31/2017,1.7,AL30JS,3.45,74400
1/1/2018,2.9,LL22355,4.44,26400
1/1/2018,1.7,SD61301,6.21,48000
1/2/2018,3.3,SS93393,5.43,45600
1/2/2018,1.3,BI5721,4.56,43200
1/2/2018,2.7,KN84849,3.12,45600
1/2/2018,2.7,AJ93848,3.93,91200
1/3/2018,3.1,AL30JS,3.81,93600
1/4/2018,0.9,UY59785,5.67,86400
1/4/2018,2.5,EB26526,4.56,57600
1/5/2018,1.5,JI20398,3.87,33600
1/6/2018,0.8,GK2341,3.93,74400
1/6/2018,3.1,BH66216,5.19,45600
1/6/2018,1.5,ZJ2913,6.03,45600
1/6/2018,1.5,BH66216,5.52,84000
1/7/2018,1.7,GK2341,6.06,81600
1/7/2018,1.2,DI41455,3.39,52800
1/7/2018,1,MQ23134,4.47,64800
1/7/2018,2.4,IW2312,3.93,84000
1/8/2018,2,LL22355,3.99,72000
1/9/2018,2.3,BH66216,3.27,33600
1/9/2018,2.2,CH28931,6.39,45600
1/10/2018,2.8,JB23919,5.04,67200
1/10/2018,2.1,KN84849,4.8,45600
1/11/2018,2.9,SD61301,5.22,88800
1/11/2018,1.5,IW2312,3.48,91200
1/12/2018,1.6,TW29382,4.92,86400
1/13/2018,1.1,AU44452,5.64,86400
1/13/2018,3.2,DJ2281,5.52,60000
1/14/2018,3.2,YB12929,3.21,69600
1/14/2018,1.8,ST20938,5.28,67200
1/14/2018,1.8,EB26526,4.53,24000
1/15/2018,3.2,TW29382,5.67,31200
1/15/2018,1.3,KN2312,6.42,67200
1/16/2018,1.5,SZ3152,3.12,60000
1/17/2018,3.3,ST20938,3.3,55200
1/18/2018,3,RS29392,3.93,76800
1/18/2018,3.3,WI38374,4.77,62400
1/18/2018,1.9,WI38374,3.57,40800
1/19/2018,2.1,QW56895,3.21,43200
1/19/2018,2.5,ST20938,4.92,74400
1/20/2018,2.1,GK2341,6.45,84000
1/20/2018,2.1,DI41455,4.53,76800
1/20/2018,1,MQ23134,5.28,45600
1/21/2018,2.8,QP2312,4.47,38400
1/21/2018,2.5,YB12929,5.16,28800
1/21/2018,0.8,EB26526,3.66,86400
1/21/2018,2.3,QW56895,6.51,91200
1/22/2018,3.1,ZJ2913,3.18,31200
1/22/2018,2.6,FM2318,3.9,38400
1/23/2018,1.3,TM29319,5.97,52800
1/23/2018,3.1,AJ93848,6.03,45600
1/24/2018,2.9,AL30JS,4.8,88800
1/25/2018,1.9,AU44452,5.25,28800
1/25/2018,1.1,LL22355,4.44,40800
1/26/2018,2.6,LL22355,3.99,43200
1/26/2018,2.3,WI38374,6.12,50400
1/26/2018,2.2,SZ3152,5.67,86400
1/26/2018,3,UY59785,6.03,84000
1/27/2018,2.4,BI5721,6.48,64800
1/28/2018,2.8,GK2341,3.9,79200
1/28/2018,2.1,ES2123,5.01,93600
1/30/2018,2.5,EB26526,3.57,64800
1/30/2018,3.3,KN2312,5.37,91200
1/30/2018,2.7,GK2341,5.43,69600
1/30/2018,2,YB12929,5.73,79200
1/31/2018,1.8,QP2312,3.48,81600
1/31/2018,2.9,JI20398,3.24,88800
2/1/2018,3.2,RS29392,3.63,36000
2/2/2018,3,AJ93848,4.56,74400
2/3/2018,2.5,BI5721,4.05,86400
2/4/2018,3.1,FW28182,3.78,84000
2/4/2018,2.4,JB23919,6.15,86400
2/5/2018,2.6,ZJ2913,4.71,45600
2/5/2018,3.2,TW29382,5.79,36000
2/7/2018,2.9,YB12929,6,64800
2/7/2018,2,FW28182,5.31,28800
2/7/2018,2.4,SZ3152,4.02,93600
2/7/2018,2,DC54863,5.49,36000
2/7/2018,1.1,GK2341,4.74,55200
2/8/2018,2.3,DI41455,5.76,28800
2/8/2018,1.8,BH66216,5.22,24000
2/8/2018,1.9,UY59785,3.87,79200
2/9/2018,2.9,EB26526,3.9,64800
2/9/2018,0.9,KN84849,3.87,36000
2/9/2018,1.9,ST20938,4.35,69600
2/10/2018,2.7,TW29382,4.32,55200
2/10/2018,1.6,QW56895,3.63,31200
2/10/2018,1.9,DC54863,4.86,81600
2/10/2018,1.8,AU44452,5.28,88800
2/10/2018,2.1,SD61301,5.64,67200
2/11/2018,3.2,JI20398,4.41,96000
2/12/2018,2.5,DJ2281,5.64,55200
2/12/2018,1.7,FW28182,3.6,45600
2/13/2018,2,IW2312,3.3,40800
2/14/2018,2.1,SZ3152,6.36,62400
2/15/2018,2.9,JI20398,4.38,96000
2/15/2018,0.9,JB23919,5.04,84000
2/16/2018,1.7,JI20398,4.5,43200
2/17/2018,3.3,EB26526,5.85,91200
2/18/2018,2.4,ZJ2913,5.64,48000
2/18/2018,1.3,WI38374,5.04,91200
2/20/2018,1.4,KN2312,6.12,33600
2/20/2018,1.9,GK2341,3.24,55200
2/20/2018,1.8,WI38374,3.45,50400
2/21/2018,2.8,YB12929,6.39,84000
2/21/2018,3.2,UY59785,6,31200
2/22/2018,2.8,YB12929,5.19,24000
2/22/2018,2,AL30JS,3.63,84000
2/23/2018,2.6,GK2341,5.85,93600
2/24/2018,1.1,DC54863,3.51,52800
2/24/2018,1.4,MQ23134,5.49,43200
2/24/2018,2.2,AU44452,6.09,52800
2/25/2018,2.6,ES2123,4.05,40800
2/25/2018,1.4,ZJ2913,5.13,88800
2/25/2018,1.9,FW28182,4.68,31200
2/25/2018,1.7,DC54863,5.4,88800
2/25/2018,1.6,ST20938,6.42,88800
2/25/2018,1.7,DC54863,5.19,38400
2/25/2018,0.8,QW56895,3.84,76800
2/27/2018,1.3,KN2312,3.66,48000
2/27/2018,1.1,ST20938,3.78,91200
2/27/2018,0.9,BI5721,5.49,88800
2/27/2018,2.9,TW29382,3.21,81600
2/28/2018,3.1,ES2123,3.57,24000
3/1/2018,1.8,GK2341,6.45,88800
3/1/2018,2,TM29319,3.81,91200
3/1/2018,2.2,ES2123,5.7,57600
3/2/2018,0.9,ES2123,5.49,33600
3/2/2018,1.6,KN84849,6.24,81600
3/2/2018,1.1,TM29319,3.24,79200
3/2/2018,2.9,QP2312,5.64,60000
3/3/2018,0.8,ST20938,3.75,62400
3/4/2018,2.3,DC54863,5.13,24000
3/4/2018,1.4,AU44452,4.83,79200
3/5/2018,3,ZJ2913,6.09,28800
3/5/2018,1.6,TM29319,5.1,24000
3/5/2018,2.1,DC54863,3.93,50400
3/5/2018,2.1,DI41455,4.8,26400
3/5/2018,3.1,LL22355,6.39,91200
3/6/2018,1.1,SD61301,5.82,93600
3/7/2018,2,SS93393,6.24,38400
3/8/2018,1.8,QW56895,6.48,57600
3/9/2018,1.5,KN2312,4.17,48000
3/9/2018,2,UY59785,3.18,91200
3/10/2018,1.3,ZJ2913,4.44,48000
3/10/2018,1,DJ2281,4.65,67200
3/10/2018,1.5,QP2312,3.33,28800
3/10/2018,1.7,TW29382,4.08,74400
3/11/2018,3.2,GK2341,3.87,55200
3/11/2018,1.1,DC54863,5.22,96000
3/11/2018,1,DI41455,4.26,48000
3/12/2018,1.7,AJ93848,5.67,91200
3/12/2018,2.9,FM2318,3.84,60000
3/12/2018,1.5,LL22355,3.54,26400
3/14/2018,1.5,QP2312,4.74,72000
3/16/2018,1.1,AJ93848,3.9,91200
3/16/2018,1.4,FW28182,5.46,74400
3/16/2018,1.3,BH66216,5.82,60000
3/16/2018,3,RS29392,3.51,79200
3/17/2018,2.7,QW56895,6.18,93600
3/17/2018,1.3,SS93393,3.96,31200
3/17/2018,1.6,AL30JS,3.42,84000
3/18/2018,3.1,JI20398,4.89,60000
3/18/2018,1.7,TW29382,6.45,28800
3/18/2018,2.5,WI38374,3.42,72000
3/19/2018,2.4,AJ93848,3.63,72000
3/19/2018,2.8,IW2312,4.95,28800
3/21/2018,2,UY59785,4.41,72000
3/22/2018,0.9,SS93393,6.24,43200
3/23/2018,1.1,FW28182,6.27,88800
3/23/2018,2.6,EB26526,5.04,45600
3/23/2018,2.5,ES2123,4.5,88800
3/23/2018,2.1,QP2312,3.72,69600
3/24/2018,1.7,SZ3152,5.61,79200
3/24/2018,1.3,SD61301,3.3,81600
3/26/2018,2.6,CH28931,5.85,81600
3/26/2018,1.1,YB12929,5.52,57600
3/26/2018,1.9,FM2318,4.17,43200
3/26/2018,1.3,CH28931,4.26,40800
3/27/2018,1.8,AU44452,5.82,79200
3/28/2018,1.6,UY59785,3.3,38400
3/28/2018,2.2,IW2312,5.58,50400
3/30/2018,2.7,LL22355,4.23,60000
3/30/2018,1.2,MQ23134,4.68,50400
3/31/2018,1.7,KN84849,3.87,84000
3/31/2018,2.2,TM29319,5.4,76800
3/31/2018,3.1,EB26526,5.16,36000
3/31/2018,1.6,BH66216,5.61,72000
4/1/2018,2.1,FM2318,5.16,79200
4/1/2018,1.7,QP2312,4.29,79200
4/2/2018,1.4,AJ93848,3.27,79200
4/2/2018,2.6,ES2123,4.08,69600
4/3/2018,2.9,FM2318,4.83,38400
4/3/2018,1,SD61301,4.32,45600
4/4/2018,2.6,FM2318,3.9,52800
4/4/2018,2,SD61301,5.1,26400
4/5/2018,1.9,GK2341,5.85,76800
4/6/2018,2.6,AJ93848,3.87,26400
4/6/2018,0.9,AJ93848,4.83,45600
4/7/2018,2,AJ93848,5.85,84000
4/7/2018,1.3,ZJ2913,6.12,88800
4/8/2018,1.6,WI38374,6,74400
4/10/2018,2.6,SZ3152,5.28,76800
4/10/2018,1.1,SS93393,3.75,76800
4/10/2018,1.1,WI38374,3.63,24000
4/11/2018,2.7,JI20398,5.25,91200
4/11/2018,2.1,AU44452,4.77,26400
4/11/2018,2.7,CH28931,4.29,91200
4/12/2018,0.9,KN2312,5.82,81600
4/13/2018,2.5,ES2123,4.62,50400
4/13/2018,1.9,FW28182,6.03,38400
4/14/2018,1.4,YB12929,4.68,72000
4/14/2018,2,SS93393,5.22,64800
4/14/2018,3,SD61301,4.44,60000
4/15/2018,3,BH66216,5.43,74400
4/15/2018,2.6,DJ2281,4.71,93600
4/15/2018,1.9,YB12929,3.6,28800
4/15/2018,0.9,BH66216,5.13,64800
4/17/2018,2.6,KN84849,4.17,48000
4/17/2018,1.7,DC54863,6.33,50400
4/17/2018,1.4,AL30JS,3.93,28800
4/19/2018,2.1,AU44452,3.18,74400
4/20/2018,1.5,DI41455,4.95,93600
4/20/2018,1.6,LL22355,3.72,38400
4/21/2018,2.1,UY59785,3.6,84000
4/21/2018,1.3,WI38374,5.16,81600
4/21/2018,3.1,KN2312,5.1,84000
4/22/2018,3,KN2312,4.08,26400
4/22/2018,3,CH28931,4.2,36000
4/22/2018,1.8,KN84849,4.59,96000
4/23/2018,1.5,FW28182,4.14,55200
4/24/2018,1.6,BH66216,4.8,45600
4/24/2018,2,KN2312,3.48,96000
4/25/2018,2.4,FM2318,3.39,84000
4/26/2018,1,AJ93848,4.8,67200
4/27/2018,3.2,RS29392,4.56,38400
4/27/2018,0.8,SD61301,3.18,91200
4/27/2018,2.3,JB23919,3.15,72000
4/28/2018,2.1,ST20938,4.32,48000
4/29/2018,2.9,BH66216,6.06,64800
4/29/2018,1.4,DJ2281,6,72000
4/29/2018,2.5,ST20938,3.48,26400
4/29/2018,0.8,DC54863,6.48,69600
4/30/2018,0.8,SD61301,5.76,52800
4/30/2018,1.1,DC54863,3.6,40800
5/1/2018,1.1,SD61301,5.94,50400
5/1/2018,2.1,SS93393,3.54,48000
5/2/2018,2.2,ZJ2913,5.31,26400
5/2/2018,1,ES2123,5.79,64800
5/2/2018,2.6,QW56895,6.3,69600
5/3/2018,0.8,DJ2281,5.22,79200
5/3/2018,3,JI20398,5.73,52800
5/4/2018,2.2,ZJ2913,3.99,26400
5/4/2018,1.2,FM2318,5.91,74400
5/4/2018,1.7,AJ93848,5.64,60000
5/4/2018,0.9,AJ93848,3.63,52800
5/6/2018,2.3,JI20398,4.2,48000
5/6/2018,3,AU44452,5.25,60000
5/6/2018,1,LL22355,5.79,45600
5/7/2018,2.1,TW29382,6.3,45600
5/9/2018,1.5,AL30JS,4.95,96000
5/9/2018,1,DJ2281,5.64,69600
5/10/2018,1.8,AU44452,4.89,43200
5/10/2018,2.1,BH66216,3.24,31200
5/10/2018,1,UY59785,3.69,52800
5/12/2018,2,DJ2281,6.33,69600
5/12/2018,1.3,FW28182,5.91,57600
5/12/2018,2.1,AJ93848,4.71,60000
5/13/2018,3.3,YB12929,5.58,86400
5/13/2018,1.7,FM2318,4.56,36000
5/13/2018,2.6,LL22355,5.43,93600
5/13/2018,3,FW28182,5.58,62400
5/13/2018,2.7,MQ23134,5.19,38400
5/13/2018,2.3,ES2123,4.56,69600
5/14/2018,1.6,SS93393,5.07,81600
5/15/2018,1.5,KN2312,5.28,57600
5/15/2018,2.1,AJ93848,5.7,48000
5/15/2018,1.6,SD61301,3.84,86400
5/16/2018,2,DJ2281,3.78,52800
5/16/2018,2.9,FW28182,4.23,69600
5/17/2018,1.8,IW2312,5.25,52800
5/17/2018,1.9,LL22355,5.4,55200
5/18/2018,2.4,GK2341,5.43,26400
5/19/2018,1.9,WI38374,4.83,52800
5/19/2018,1.3,QW56895,5.52,31200
5/19/2018,2.3,UY59785,4.71,72000
5/20/2018,3.1,QP2312,3.36,57600
5/21/2018,1.8,ES2123,6.09,48000
5/22/2018,0.9,JB23919,3.12,28800
5/22/2018,2.3,DC54863,4.5,76800
5/23/2018,2.8,ZJ2913,6.42,38400
5/23/2018,2.3,TM29319,5.76,91200
5/24/2018,3.1,WI38374,4.68,55200
5/25/2018,2.3,FM2318,4.86,24000
5/25/2018,3,UY59785,4.11,69600
5/26/2018,1.8,AL30JS,3.3,48000
5/27/2018,2.2,JI20398,6.21,62400
5/27/2018,1.6,KN84849,5.43,64800
5/27/2018,1.8,MQ23134,5.34,81600
5/28/2018,1.9,AU44452,3.15,60000
5/28/2018,1.1,YB12929,4.35,50400
5/28/2018,2.3,QW56895,5.46,50400
5/28/2018,1.2,KN84849,3.24,62400
5/28/2018,1.2,ES2123,3.6,93600
5/28/2018,0.8,QP2312,3.21,60000
5/28/2018,1.8,AJ93848,5.76,26400
5/29/2018,2.4,SZ3152,5.64,52800
5/29/2018,1.3,YB12929,5.04,72000
5/29/2018,2.5,AL30JS,5.79,28800
5/29/2018,2.4,QW56895,3.72,84000
5/30/2018,3.2,ES2123,5.7,52800
5/30/2018,3.2,YB12929,4.98,33600
5/31/2018,0.9,SZ3152,3.93,72000
5/31/2018,1.2,CH28931,3.81,40800
5/31/2018,1.4,AJ93848,4.35,76800
6/2/2018,1,MQ23134,4.74,91200
6/3/2018,1.5,CH28931,5.46,52800
6/3/2018,1.7,BI5721,4.53,96000
6/4/2018,1.4,TM29319,4.14,64800
6/4/2018,2,CH28931,5.94,55200
6/4/2018,3.1,KN2312,6.27,50400
6/5/2018,2.6,YB12929,5.85,31200
6/5/2018,2.9,CH28931,5.19,88800
6/6/2018,1,JI20398,5.1,40800
6/6/2018,1.7,CH28931,4.02,48000
6/6/2018,1.4,FW28182,5.01,74400
6/6/2018,2.6,EB26526,3.36,74400
6/6/2018,2.5,FM2318,3.93,43200
6/7/2018,3,DJ2281,3.39,60000
6/7/2018,2.4,QW56895,4.83,79200
6/7/2018,1.6,TM29319,6.21,72000
6/8/2018,2.8,AJ93848,3.51,31200
6/8/2018,2.1,SZ3152,5.94,91200
6/9/2018,1.7,EB26526,3.81,81600
6/10/2018,1,KN2312,3.6,76800
6/10/2018,1.4,DI41455,3.12,96000
6/10/2018,1.2,SZ3152,3.84,93600
6/10/2018,1.9,JI20398,4.59,64800
6/11/2018,1.7,KN84849,4.32,26400
6/11/2018,3.2,JI20398,3.96,38400
6/11/2018,3.2,JB23919,6.42,26400
6/11/2018,2,KN84849,6.45,43200
6/12/2018,2.6,BH66216,4.2,33600
6/13/2018,1.9,SD61301,3.6,86400
6/14/2018,1.5,YB12929,3.63,57600
6/14/2018,3.3,ST20938,5.16,43200
6/14/2018,3,AL30JS,4.89,33600
6/15/2018,2.2,MQ23134,4.77,76800
6/15/2018,1,ZJ2913,3.6,57600
6/16/2018,1.8,SS93393,4.71,24000
6/16/2018,1.2,JB23919,4.56,72000
6/16/2018,1.2,LL22355,5.01,33600
6/16/2018,1.6,FM2318,3.27,88800
6/16/2018,1.6,DI41455,5.22,88800
6/17/2018,0.9,TM29319,6,52800
6/17/2018,1.9,IW2312,5.01,45600
6/17/2018,1,AJ93848,5.07,76800
6/19/2018,1.1,SS93393,4.74,57600
6/19/2018,3.3,SZ3152,3.39,33600
6/19/2018,3.2,YB12929,3.63,96000
6/19/2018,3.1,BI5721,6.42,55200
6/20/2018,2.4,CH28931,3.48,43200
6/20/2018,1.7,DJ2281,3.72,28800
6/21/2018,2.3,JB23919,6.24,57600
6/21/2018,2.2,GK2341,4.32,31200
6/22/2018,1.9,IW2312,4.56,74400
6/22/2018,3.3,ST20938,4.26,43200
6/22/2018,1.7,YB12929,3.3,50400
6/23/2018,2.6,FM2318,5.61,28800
6/23/2018,2.1,QP2312,6,55200
6/24/2018,1.4,WI38374,5.88,33600
6/24/2018,1.6,FM2318,6.36,93600
6/25/2018,0.8,KN2312,3.3,69600
6/26/2018,2.8,AU44452,5.73,60000
6/26/2018,3.1,BH66216,4.02,33600
6/26/2018,3.1,BI5721,4.38,38400
6/26/2018,2,SZ3152,4.32,84000
6/27/2018,2.2,QP2312,3.84,76800
6/27/2018,1.3,JI20398,4.98,48000
6/27/2018,1.5,SZ3152,5.79,45600
6/28/2018,3.2,IW2312,3.75,72000
6/28/2018,2.2,AJ93848,6.48,52800
6/29/2018,2,KN2312,4.8,91200
6/30/2018,2.7,LL22355,6.3,24000
6/30/2018,2.1,MQ23134,4.98,33600
6/30/2018,2.1,FM2318,4.68,28800
6/30/2018,1.3,GK2341,4.71,48000
7/1/2018,1,CH28931,4.35,76800
7/1/2018,2.6,IW2312,5.73,24000
7/1/2018,1.6,BI5721,4.11,81600
7/1/2018,2,AJ93848,5.46,33600
7/2/2018,2.4,SD61301,6.36,33600
7/2/2018,2.2,AU44452,3.42,76800
7/2/2018,1.7,DC54863,4.5,40800
7/2/2018,1.1,SZ3152,5.04,31200
7/3/2018,1.1,IW2312,5.25,57600
7/3/2018,2.7,JB23919,6.51,50400
7/4/2018,1.3,AJ93848,3.93,96000
7/4/2018,2.7,QP2312,5.13,43200
7/4/2018,2.5,SS93393,3.33,28800
7/5/2018,1.5,DC54863,4.77,28800
7/6/2018,2.6,RS29392,5.04,72000
7/6/2018,2.8,AL30JS,5.82,28800
7/6/2018,1.6,JB23919,5.25,57600
7/6/2018,2,BI5721,3.48,33600
7/7/2018,2.5,AL30JS,4.86,57600
7/7/2018,2,FM2318,4.5,81600
7/7/2018,2.9,TW29382,4.23,24000
7/7/2018,2.1,DJ2281,4.77,62400
7/7/2018,2.9,RS29392,4.29,62400
7/7/2018,2.1,EB26526,4.17,74400
7/8/2018,0.9,YB12929,4.68,43200
7/9/2018,2.9,LL22355,5.37,57600
7/9/2018,2.2,WI38374,6.18,48000
7/10/2018,1.5,RS29392,4.68,62400
7/10/2018,2.5,BI5721,5.67,26400
7/10/2018,1.5,SD61301,3.9,24000
7/11/2018,3.3,KN2312,4.68,48000
7/11/2018,2.7,GK2341,4.59,60000
7/12/2018,1.3,TW29382,3.33,24000
7/12/2018,1.9,RS29392,4.53,48000
7/12/2018,2.1,KN2312,4.5,50400
7/14/2018,1.4,QP2312,3.27,86400
7/14/2018,3.3,AL30JS,6.42,93600
7/14/2018,1,DJ2281,6.06,52800
7/16/2018,1.1,ES2123,5.85,72000
7/16/2018,1.1,TW29382,6.48,76800
7/16/2018,0.9,IW2312,5.82,26400
7/17/2018,1.2,FW28182,3.96,28800
7/17/2018,1,GK2341,4.44,50400
7/17/2018,2.1,JI20398,4.62,96000
7/18/2018,0.9,IW2312,4.17,72000
7/19/2018,0.9,JI20398,6.48,96000
7/19/2018,0.9,KN84849,5.73,91200
7/20/2018,1.8,RS29392,6.33,43200
7/21/2018,2.6,UY59785,3.75,38400
7/21/2018,1.6,WI38374,3.78,52800
7/21/2018,1.4,FW28182,4.29,96000
7/22/2018,1.8,BI5721,6.03,79200
7/22/2018,1.2,DC54863,3.12,52800
7/23/2018,2,CH28931,5.88,31200
7/23/2018,1.7,JB23919,5.25,45600
7/23/2018,1.8,SZ3152,4.35,43200
7/24/2018,1.1,KN2312,4.32,50400
7/24/2018,1.6,ES2123,5.91,88800
7/25/2018,1,RS29392,5.97,88800
7/27/2018,3,KN2312,5.4,50400
7/27/2018,1.7,JI20398,4.14,43200
7/28/2018,1.2,QW56895,6,50400
7/28/2018,2.4,JB23919,4.65,57600
7/30/2018,2.1,TM29319,3.39,69600
7/30/2018,2.1,SD61301,4.59,69600
7/31/2018,1.9,TW29382,3.87,60000
7/31/2018,2.7,AJ93848,4.5,45600
8/1/2018,1.2,ZJ2913,3.72,64800
8/1/2018,3,KN84849,3.9,45600
8/1/2018,0.9,LL22355,5.31,74400
8/1/2018,2.2,RS29392,3.75,93600
8/2/2018,3.3,CH28931,4.68,64800
8/2/2018,2.7,BI5721,3.21,52800
8/3/2018,2.6,GK2341,3.54,33600
8/4/2018,2,QW56895,4.38,76800
8/5/2018,1.6,TM29319,3.15,67200
8/5/2018,1.9,LL22355,5.34,72000
8/6/2018,0.9,TW29382,4.44,24000
8/6/2018,1.8,QP2312,5.94,60000
8/8/2018,2.5,KN84849,5.4,62400
8/8/2018,1.1,JB23919,6.3,84000
8/8/2018,2.7,KN84849,3.87,31200
8/9/2018,3.1,SD61301,6.18,52800
8/10/2018,2.6,BH66216,5.28,79200
8/10/2018,3.1,YB12929,5.16,64800
8/10/2018,1.6,DJ2281,3.81,88800
8/10/2018,1.4,DC54863,6.18,40800
8/10/2018,3.1,LL22355,6.09,40800
8/11/2018,3.1,EB26526,5.01,55200
8/11/2018,2.2,FM2318,4.62,72000
8/11/2018,2.5,KN2312,3.96,60000
8/12/2018,1.4,KN84849,3.78,76800
8/12/2018,2.9,BI5721,5.94,88800
8/12/2018,1.2,IW2312,4.71,84000
8/14/2018,1.2,BI5721,3.87,79200
8/14/2018,2.9,TW29382,4.89,62400
8/14/2018,1.3,TW29382,3.42,86400
8/15/2018,1.9,UY59785,4.41,48000
8/15/2018,1.6,FM2318,6.18,60000
8/15/2018,2,QP2312,5.61,50400
8/15/2018,1.8,JB23919,6.15,28800
8/17/2018,2.9,JB23919,4.56,76800
8/17/2018,2.6,AL30JS,4.74,52800
8/17/2018,3,CH28931,3.39,86400
8/18/2018,3,QW56895,5.58,57600
8/18/2018,3.2,IW2312,4.05,50400
8/18/2018,3.1,MQ23134,6.15,40800
8/18/2018,0.9,JI20398,4.38,43200
8/19/2018,1.2,SZ3152,4.56,43200
8/19/2018,2.5,ZJ2913,5.58,88800
8/20/2018,1,ZJ2913,4.17,84000
8/20/2018,3,AU44452,6.21,79200
8/21/2018,2.9,WI38374,5.49,40800
8/21/2018,1.6,SZ3152,3.9,26400
8/21/2018,0.8,AL30JS,5.82,93600
8/21/2018,1.5,JI20398,6.09,86400
8/22/2018,2.3,FW28182,3.9,45600
8/23/2018,2.3,FM2318,4.95,52800
8/23/2018,2.9,BH66216,5.1,55200
8/24/2018,2.2,SS93393,4.83,88800
8/25/2018,2.6,DJ2281,4.83,88800
8/25/2018,2.8,WI38374,5.16,86400
8/26/2018,2.7,KN2312,5.25,26400
8/26/2018,3.2,DI41455,4.23,24000
8/27/2018,2,KN84849,5.46,84000
8/27/2018,1.9,SZ3152,4.44,45600
8/27/2018,1.2,DC54863,3.9,40800
8/27/2018,2.4,GK2341,5.85,93600
8/30/2018,1.7,AJ93848,4.89,88800
8/30/2018,3,ST20938,3.45,55200
8/30/2018,1.4,SS93393,6.48,57600
8/31/2018,1.2,JB23919,4.68,55200
8/31/2018,1.1,WI38374,4.35,55200
9/2/2018,1.4,SD61301,4.2,50400
9/2/2018,2.7,TW29382,5.97,60000
9/3/2018,2.9,DI41455,4.71,91200
9/4/2018,3.2,MQ23134,3.69,52800
9/4/2018,2.1,LL22355,3.12,26400
9/4/2018,3.3,WI38374,3.3,79200
9/4/2018,2.8,TW29382,6.36,64800
9/5/2018,1.9,QP2312,3.15,72000
9/5/2018,2,ZJ2913,6.18,72000
9/5/2018,1.8,JI20398,5.07,67200
9/5/2018,1.8,BH66216,5.61,69600
9/6/2018,1.9,AU44452,3.51,28800
9/6/2018,2.6,JB23919,4.38,60000
9/6/2018,1.6,KN2312,5.76,76800
9/6/2018,2.3,SD61301,5.19,88800
9/7/2018,2.9,ZJ2913,6.45,76800
9/7/2018,1.4,SS93393,4.32,45600
9/7/2018,2.7,ZJ2913,5.04,67200
9/8/2018,2,AJ93848,4.11,43200
9/8/2018,3.2,WI38374,3.75,26400
9/9/2018,2.1,BH66216,5.85,76800
9/9/2018,2.2,MQ23134,5.34,40800
9/9/2018,2.8,QP2312,6.21,36000
9/9/2018,1.1,AU44452,3.81,45600
9/10/2018,1.3,RS29392,5.19,33600
9/10/2018,1.6,LL22355,5.88,64800
9/10/2018,1.6,SZ3152,5.4,33600
9/11/2018,3.1,CH28931,5.07,48000
9/11/2018,2.9,RS29392,3.72,62400
9/11/2018,1.4,AU44452,5.67,26400
9/12/2018,3,SZ3152,4.89,36000
9/12/2018,2.9,DI41455,5.1,74400
9/13/2018,1.6,TW29382,3.33,24000
9/13/2018,2.9,TM29319,4.26,62400
9/13/2018,1.3,DC54863,4.89,36000
9/14/2018,2.7,SS93393,4.29,93600
9/14/2018,2.6,SD61301,5.7,26400
9/15/2018,3,SZ3152,5.94,91200
9/15/2018,1.1,SS93393,4.83,79200
9/16/2018,2,KN2312,4.26,62400
9/16/2018,2.4,MQ23134,3.75,84000
9/17/2018,2.3,GK2341,5.13,26400
9/17/2018,3.3,ES2123,4.65,76800
9/18/2018,1.8,IW2312,3.27,24000
9/18/2018,1.6,BH66216,5.67,50400
9/18/2018,1.4,ST20938,5.91,55200
9/19/2018,1.3,RS29392,5.46,36000
9/19/2018,2.6,UY59785,5.37,57600
9/20/2018,2,YB12929,3.51,91200
9/21/2018,2.8,JB23919,5.52,93600
9/21/2018,1,ES2123,5.1,79200
9/21/2018,3.1,FW28182,6.06,72000
9/22/2018,1.6,TW29382,5.76,64800
9/22/2018,2.3,SD61301,4.5,36000
9/22/2018,3.1,SS93393,5.73,62400
9/23/2018,2.4,WI38374,5.91,31200
9/23/2018,0.9,EB26526,4.59,88800
9/24/2018,2.2,AJ93848,6.27,88800
9/24/2018,3.2,ZJ2913,3.33,55200
9/24/2018,1,KN2312,4.86,50400
9/24/2018,1.9,QW56895,5.04,96000
9/24/2018,2.7,SD61301,6.3,91200
9/25/2018,1.3,EB26526,5.25,72000
9/25/2018,1.8,QW56895,4.44,91200
9/25/2018,3,UY59785,4.86,81600
9/25/2018,2.2,TM29319,3.99,33600
9/26/2018,1.2,TM29319,5.73,74400
9/26/2018,0.9,CH28931,3.93,31200
9/26/2018,1.8,SZ3152,4.29,38400
9/26/2018,1.5,CH28931,5.91,60000
9/26/2018,1.6,TW29382,4.08,96000
9/26/2018,2.8,FW28182,5.73,93600
9/26/2018,3.1,KN2312,4.86,24000
9/27/2018,1.6,KN84849,6.36,84000
9/27/2018,0.9,SZ3152,5.1,40800
9/27/2018,1.6,ZJ2913,4.77,74400
9/27/2018,1.7,TW29382,4.86,43200
9/27/2018,2.7,BI5721,4.17,31200
9/28/2018,2.6,DJ2281,5.55,72000
9/30/2018,1.3,JB23919,5.97,67200
9/30/2018,3.1,GK2341,5.31,26400
9/30/2018,2.8,TW29382,6.51,96000
9/30/2018,2.4,QW56895,3.09,69600
9/30/2018,2.8,JI20398,5.19,55200
10/1/2018,1.3,QW56895,3.15,74400
10/1/2018,2.3,FW28182,5.19,36000
10/1/2018,3.2,FM2318,3.63,40800
10/1/2018,1.7,FM2318,6.45,69600
10/1/2018,1.3,SZ3152,6.03,52800
10/2/2018,2.3,UY59785,4.68,50400
10/2/2018,1.4,EB26526,5.46,60000
10/3/2018,2,KN84849,4.53,38400
10/3/2018,1.8,IW2312,6.12,84000
10/3/2018,0.9,RS29392,3.96,88800
10/3/2018,3.3,WI38374,4.5,81600
10/3/2018,1.7,SD61301,4.68,72000
10/4/2018,2.6,TW29382,3.15,84000
10/4/2018,2.4,IW2312,3.15,40800
10/5/2018,2.7,JB23919,5.04,67200
10/6/2018,2.6,AJ93848,4.89,96000
10/6/2018,1.5,EB26526,4.71,96000
10/7/2018,0.9,QP2312,4.23,52800
10/7/2018,1.6,SZ3152,4.29,24000
10/8/2018,1.5,ST20938,4.56,88800
10/8/2018,1.1,TW29382,5.25,67200
10/9/2018,1.2,IW2312,3.45,67200
10/10/2018,2.5,ES2123,4.17,38400
10/10/2018,1.3,LL22355,6.21,24000
10/11/2018,1.1,TM29319,4.59,45600
10/11/2018,1.9,BI5721,6.03,50400
10/11/2018,1.4,DC54863,5.61,57600
10/12/2018,2.2,ZJ2913,6.15,62400
10/12/2018,2.3,SS93393,3.6,69600
10/12/2018,1.4,DJ2281,5.01,36000
10/12/2018,1,SS93393,4.32,31200
10/13/2018,2.8,TW29382,6.12,64800
10/13/2018,1.8,UY59785,5.97,43200
10/13/2018,0.9,TW29382,3.84,31200
10/15/2018,2.8,CH28931,5.82,84000
10/15/2018,1.8,FM2318,4.83,93600
10/15/2018,2.4,IW2312,5.94,86400
10/16/2018,2.2,IW2312,3.39,31200
10/16/2018,2,AU44452,6.21,24000
10/16/2018,2.4,UY59785,3.3,72000
10/17/2018,2.3,TW29382,6.21,88800
10/17/2018,2.7,SD61301,5.28,38400
10/17/2018,2.4,RS29392,3.54,96000
10/17/2018,2,KN2312,6.09,84000
10/17/2018,2.3,QW56895,5.19,48000
10/17/2018,2.5,GK2341,4.83,84000
10/18/2018,2,ES2123,3.18,48000
10/18/2018,2.3,KN2312,4.68,81600
10/18/2018,0.9,SZ3152,4.77,24000
10/18/2018,2.7,DI41455,3.42,88800
10/18/2018,1.9,FM2318,4.08,55200
10/19/2018,1.8,ES2123,5.43,84000
10/22/2018,3.1,IW2312,5.58,60000
10/22/2018,1.3,FW28182,6.48,33600
10/23/2018,1.2,ES2123,3.21,74400
10/23/2018,0.9,ST20938,4.44,81600
10/24/2018,2.2,ES2123,6.18,45600
10/24/2018,1.9,EB26526,3.33,62400
10/24/2018,2.2,IW2312,3.69,91200
10/24/2018,1.4,BI5721,4.11,28800
10/25/2018,0.9,ZJ2913,6.33,33600
10/25/2018,3.2,JI20398,3.9,45600
10/25/2018,2.5,JB23919,3.27,57600
10/25/2018,2.1,MQ23134,6.33,31200
10/26/2018,1.2,AL30JS,4.08,69600
10/26/2018,2.1,YB12929,5.4,88800
10/26/2018,3.1,DI41455,6.18,43200
10/27/2018,1.4,WI38374,5.58,79200
10/27/2018,1.6,QP2312,3.27,26400
10/27/2018,2.9,BI5721,5.67,60000
10/27/2018,1.7,DC54863,5.43,93600
10/27/2018,2.5,SD61301,5.28,60000
10/28/2018,2.2,AL30JS,3.42,88800
10/28/2018,3.2,AL30JS,3.12,81600
10/28/2018,3.2,BI5721,5.7,67200
10/28/2018,1.2,TW29382,5.7,72000
10/29/2018,1.2,WI38374,3.57,93600
10/30/2018,2.5,SZ3152,3.18,74400
10/30/2018,2,LL22355,6.3,52800
10/31/2018,2.3,BH66216,4.11,26400
10/31/2018,2.8,AL30JS,5.94,72000
11/1/2018,2.9,KN2312,5.82,31200
11/1/2018,2.6,AU44452,4.86,76800
11/1/2018,2.9,ES2123,3.54,45600
11/1/2018,2.2,SS93393,3.72,33600
11/1/2018,2.1,ES2123,5.7,40800
11/1/2018,1.3,ST20938,5.25,72000
11/3/2018,2.1,QW56895,5.43,55200
11/4/2018,2,KN84849,4.44,55200
11/5/2018,3.3,BI5721,4.83,38400
11/5/2018,1,TW29382,5.61,72000
11/5/2018,2.1,SS93393,6.18,86400
11/5/2018,1.4,UY59785,5.4,62400
11/5/2018,2.6,ZJ2913,4.2,36000
11/5/2018,0.8,FM2318,3.27,84000
11/6/2018,2.7,QP2312,3.75,81600
11/7/2018,3.2,AJ93848,6.18,55200
11/7/2018,2.4,KN84849,5.73,69600
11/7/2018,1,TW29382,3.84,60000
11/7/2018,3.1,KN84849,6.39,26400
11/8/2018,1.5,GK2341,6.3,31200
11/8/2018,2.1,BH66216,3.12,76800
11/8/2018,1.3,RS29392,5.22,79200
11/8/2018,2.2,MQ23134,3.84,26400
11/8/2018,0.9,DC54863,3.84,84000
11/9/2018,2.8,UY59785,6.45,72000
11/9/2018,1.8,QW56895,5.7,64800
11/9/2018,1.5,GK2341,6.33,60000
11/10/2018,1.2,YB12929,5.25,69600
11/11/2018,2.1,DJ2281,6.48,62400
11/11/2018,2.5,EB26526,3.33,88800
11/12/2018,3.3,DJ2281,6,91200
11/13/2018,0.9,ZJ2913,4.2,24000
11/14/2018,2.5,RS29392,4.53,31200
11/14/2018,1.5,GK2341,6.24,60000
11/15/2018,2.4,SS93393,3.66,84000
11/15/2018,2.4,DC54863,5.46,64800
11/15/2018,3,KN84849,5.46,91200
11/15/2018,2.3,ZJ2913,5.37,31200
11/16/2018,3.2,RS29392,4.05,45600
11/16/2018,2.6,DI41455,6.06,52800
11/17/2018,1.6,SZ3152,5.01,45600
11/18/2018,2.7,UY59785,5.37,86400
11/18/2018,1.6,AL30JS,5.01,48000
11/19/2018,2.9,UY59785,5.58,76800
11/19/2018,1.7,AJ93848,5.64,64800
11/20/2018,1.8,KN2312,4.89,31200
11/20/2018,1.7,JB23919,5.16,69600
11/21/2018,1.1,DI41455,3.42,31200
11/22/2018,2.9,MQ23134,4.17,31200
11/22/2018,3.2,DJ2281,3.48,91200
11/22/2018,1.7,SS93393,4.74,38400
11/23/2018,2.3,LL22355,5.55,76800
11/23/2018,1.4,JB23919,5.67,67200
11/24/2018,2.7,ZJ2913,4.65,88800
11/24/2018,1.4,ZJ2913,5.76,52800
11/25/2018,1.5,BI5721,5.31,38400
11/25/2018,2.1,AJ93848,4.56,84000
11/26/2018,2.1,IW2312,5.7,48000
11/26/2018,1.4,SS93393,6.3,86400
11/26/2018,3,EB26526,5.01,74400
11/26/2018,2.7,FM2318,4.14,91200
11/28/2018,2.3,ZJ2913,4.74,69600
11/28/2018,1.5,IW2312,6.45,43200
11/29/2018,3.3,CH28931,4.11,72000
11/29/2018,1.7,EB26526,4.59,88800
11/29/2018,2.2,DC54863,6.27,79200
11/29/2018,2.8,SS93393,3.3,62400
11/29/2018,2.6,BH66216,3.27,67200
11/29/2018,2.9,MQ23134,3.42,64800
11/30/2018,1.1,BH66216,5.04,33600
11/30/2018,1.2,RS29392,5.61,55200
12/1/2018,1.4,UY59785,6.12,48000
12/1/2018,3.2,BI5721,4.86,93600
12/1/2018,2.4,GK2341,4.23,45600
12/3/2018,1.9,YB12929,3.21,57600
12/3/2018,1.5,JI20398,5.52,91200
12/3/2018,1.5,IW2312,6.3,48000
12/4/2018,2.1,UY59785,5.22,91200
12/4/2018,1.5,DI41455,5.31,60000
12/4/2018,2.4,JB23919,4.62,79200
12/6/2018,1.7,AL30JS,5.4,69600
12/6/2018,2.7,GK2341,5.73,67200
12/6/2018,2,TM29319,4.02,48000
12/7/2018,2.4,MQ23134,5.19,57600
12/8/2018,2.2,LL22355,3.54,57600
12/8/2018,2.5,TM29319,6.06,26400
12/9/2018,2.2,WI38374,5.76,31200
12/9/2018,1.2,QP2312,6.24,33600
12/10/2018,2.4,IW2312,4.35,43200
12/10/2018,0.8,TM29319,3.51,38400
12/10/2018,0.9,BH66216,5.55,62400
12/11/2018,1.7,QP2312,3.42,79200
12/11/2018,2.5,ZJ2913,3.84,79200
12/12/2018,3,QP2312,4.11,31200
12/12/2018,1.7,AU44452,4.59,40800
12/12/2018,2.8,BH66216,5.49,52800
12/13/2018,3,FW28182,3.33,52800
12/13/2018,2.2,YB12929,4.02,45600
12/14/2018,1.4,RS29392,6.3,88800
12/14/2018,2.4,ST20938,4.98,24000
12/15/2018,1.6,LL22355,4.8,57600
12/15/2018,3,LL22355,3.96,64800
12/15/2018,1.6,ST20938,4.74,91200
12/16/2018,1.7,TM29319,5.76,36000
12/17/2018,1.2,QW56895,6.36,62400
12/17/2018,1.7,RS29392,3.3,55200
12/17/2018,1.2,JI20398,4.98,24000
12/17/2018,1.8,ZJ2913,5.16,67200
12/18/2018,1.2,DI41455,4.77,33600
12/19/2018,2.9,FM2318,4.65,91200
12/19/2018,1.6,DC54863,3.87,40800
12/20/2018,2.4,AU44452,3.66,72000
12/20/2018,3.3,QP2312,5.34,52800
12/20/2018,2.7,JB23919,6.39,62400
12/20/2018,2.4,ES2123,3.72,76800
12/20/2018,1.1,SS93393,5.49,76800
12/20/2018,0.9,YB12929,3.45,96000
12/21/2018,2.3,ZJ2913,5.46,91200
12/21/2018,1.7,MQ23134,5.28,36000
12/21/2018,2.2,TM29319,4.47,67200
12/21/2018,2.6,DC54863,4.53,86400
12/22/2018,2.1,SD61301,5.37,88800
12/22/2018,2.9,DI41455,6,96000
12/22/2018,1.5,AJ93848,3.18,72000
12/23/2018,1.7,WI38374,5.46,36000
12/23/2018,1.9,SD61301,3.51,43200
12/24/2018,2.8,FM2318,3.9,67200
12/24/2018,0.9,RS29392,5.55,28800
12/25/2018,2.2,GK2341,4.71,67200
12/25/2018,2.3,TM29319,4.32,52800
12/25/2018,1.6,TW29382,6.33,36000
12/25/2018,0.9,RS29392,4.23,26400
12/26/2018,2.2,ZJ2913,5.37,31200
12/27/2018,1.8,QW56895,4.53,55200
12/27/2018,3.2,JB23919,5.19,79200
12/28/2018,2.8,AU44452,3.24,67200
12/28/2018,1.5,FM2318,6,26400
12/28/2018,2.8,LL22355,5.13,69600
12/29/2018,2.7,ZJ2913,5.37,45600
12/29/2018,1.8,DJ2281,6.21,24000
12/29/2018,1.1,QP2312,5.88,69600
12/29/2018,1.9,TM29319,4.5,81600
12/29/2018,2.7,ES2123,4.68,55200
12/29/2018,1.4,KN84849,5.94,43200
12/29/2018,2.7,ZJ2913,5.79,48000
12/29/2018,1.6,MQ23134,3.81,45600
12/30/2018,3.3,AU44452,4.56,45600
12/30/2018,1.2,FW28182,3.48,67200
12/30/2018,2,QW56895,3.21,76800
12/30/2018,3.1,EB26526,3.57,40800
12/30/2018,0.9,AL30JS,4.44,67200
12/31/2018,2.1,SS93393,5.01,52800
1/1/2019,2.2,JI20398,6.3,31200
1/2/2019,1.2,IW2312,5.4,31200
1/2/2019,1.1,AU44452,5.73,64800
1/3/2019,2.9,TM29319,4.26,57600
1/4/2019,2.7,FW28182,5.67,33600
1/4/2019,1,YB12929,3.33,31200
1/4/2019,2.9,DC54863,6.36,88800
1/5/2019,2.4,TM29319,5.67,96000
1/5/2019,1.6,IW2312,4.65,48000
1/5/2019,2.9,KN84849,5.58,38400
1/6/2019,2.9,WI38374,4.05,50400
1/6/2019,2.1,RS29392,4.77,79200
1/7/2019,2.5,DC54863,6.33,55200
1/7/2019,3.3,ST20938,5.67,62400
1/8/2019,2.6,QP2312,3.78,43200
1/8/2019,2.1,JI20398,4.38,96000
1/8/2019,1.3,DI41455,4.5,74400
1/9/2019,2.1,UY59785,4.98,84000
1/9/2019,1.6,QW56895,3.12,36000
1/9/2019,1.7,EB26526,6.3,91200
1/10/2019,3.2,AU44452,4.47,45600
1/10/2019,2.5,SZ3152,5.04,26400
1/12/2019,1.1,RS29392,6.12,38400
1/14/2019,2.5,FM2318,5.7,84000
1/15/2019,2.9,BI5721,5.04,36000
1/15/2019,2,LL22355,5.94,88800
1/15/2019,2.7,ST20938,5.01,43200
1/17/2019,1.3,JB23919,4.41,60000
1/18/2019,1.9,ES2123,4.17,52800
1/18/2019,1.3,MQ23134,5.97,43200
1/18/2019,1.6,JI20398,5.49,52800
1/18/2019,2.9,UY59785,4.47,43200
1/19/2019,1.3,BI5721,3.12,48000
1/19/2019,2.1,QP2312,6.36,60000
1/19/2019,1.4,BI5721,4.71,64800
1/20/2019,1.1,ST20938,4.89,36000
1/20/2019,3,SD61301,3.15,69600
1/20/2019,1.6,UY59785,4.35,60000
1/21/2019,3,ES2123,3.45,96000
1/22/2019,2.2,BH66216,5.7,33600
1/23/2019,2.8,QW56895,5.1,60000
1/25/2019,1.4,QP2312,5.91,74400
1/25/2019,1.8,SD61301,4.2,50400
1/25/2019,3,LL22355,4.59,86400
1/25/2019,2.4,SS93393,4.44,55200
1/25/2019,3.1,BH66216,3.3,33600
1/25/2019,1.3,AJ93848,5.04,48000
1/26/2019,2.2,JI20398,6.09,88800
1/27/2019,3,FM2318,4.14,28800
1/27/2019,2.4,EB26526,6.21,50400
1/28/2019,2.3,SS93393,5.31,84000
1/29/2019,1.2,DI41455,4.29,91200
1/30/2019,1.8,AL30JS,6.15,33600
1/30/2019,2.6,ZJ2913,3.75,33600
1/31/2019,2.5,RS29392,5.1,69600
2/1/2019,1.6,QW56895,4.71,24000
2/3/2019,1.3,UY59785,3.39,38400
2/3/2019,1,YB12929,4.05,60000
2/3/2019,1.3,LL22355,5.73,81600
2/3/2019,0.8,AJ93848,6,86400
2/3/2019,1.6,AU44452,4.02,40800
2/4/2019,3.2,ZJ2913,5.7,79200
2/4/2019,2.2,UY59785,5.61,48000
2/5/2019,1,DI41455,6.48,81600
2/6/2019,1.4,KN84849,3.27,48000
2/6/2019,1.7,FW28182,6.33,79200
2/6/2019,1.5,ZJ2913,5.13,40800
2/7/2019,1.6,ZJ2913,5.34,26400
2/7/2019,1.1,AJ93848,3.69,28800
2/7/2019,2.3,ES2123,4.29,55200
2/8/2019,2.6,JI20398,5.43,26400
2/10/2019,1.9,JB23919,4.86,67200
2/10/2019,1.4,IW2312,3.24,88800
2/11/2019,1.3,YB12929,6.21,72000
2/11/2019,0.9,AL30JS,6.09,26400
2/11/2019,1.2,ZJ2913,3.87,64800
2/11/2019,2.5,BI5721,5.97,52800
2/11/2019,2.3,WI38374,4.35,50400
2/12/2019,2.6,YB12929,3.24,38400
2/13/2019,2.2,RS29392,4.2,26400
2/13/2019,1.3,LL22355,4.32,79200
2/13/2019,2.3,ZJ2913,5.94,36000
2/13/2019,2.9,QW56895,3.42,79200
2/13/2019,3.2,QW56895,5.04,36000
2/13/2019,2,WI38374,3.69,76800
2/13/2019,1,SD61301,4.89,38400
2/14/2019,1,BH66216,4.59,91200
2/15/2019,2.3,QW56895,6.12,86400
2/16/2019,2.5,TM29319,3.72,84000
2/16/2019,2.1,SZ3152,4.8,64800
2/17/2019,2.1,SZ3152,5.64,31200
2/17/2019,1.8,AJ93848,4.86,57600
2/17/2019,1.4,TW29382,3.99,93600
2/19/2019,2.9,QW56895,3.3,24000
2/19/2019,2.2,DI41455,3.33,52800
2/19/2019,3,QW56895,5.04,55200
2/19/2019,1.5,WI38374,4.98,74400
2/19/2019,1.1,JB23919,4.14,33600
2/19/2019,2.6,GK2341,4.83,33600
2/19/2019,3.2,MQ23134,6.18,88800
2/19/2019,1.8,JB23919,5.85,74400
2/20/2019,1.6,ES2123,4.89,74400
2/20/2019,2.4,WI38374,3.3,43200
2/20/2019,2.1,AU44452,4.92,91200
2/21/2019,1.4,DI41455,6.45,40800
2/21/2019,1.8,YB12929,3.99,26400
2/22/2019,3.2,WI38374,6.18,72000
2/22/2019,1.3,QW56895,5.94,84000
2/22/2019,2.4,UY59785,3.51,31200
2/22/2019,2.8,GK2341,4.74,55200
2/23/2019,0.9,DC54863,4.2,93600
2/23/2019,2.9,ES2123,5.16,74400
2/23/2019,1.7,FW28182,4.38,31200
2/24/2019,1.3,AL30JS,3.12,69600
2/24/2019,0.9,ZJ2913,3.84,31200
2/24/2019,1,SZ3152,4.92,55200
2/24/2019,2.1,YB12929,4.26,67200
2/25/2019,0.8,DI41455,5.46,74400
2/25/2019,2.5,KN84849,4.44,48000
2/26/2019,1.9,ES2123,5.7,96000
2/26/2019,2.7,JI20398,4.68,79200
2/26/2019,2,ST20938,3.66,62400
2/26/2019,1.3,RS29392,5.67,50400
2/27/2019,2.1,DC54863,5.43,38400
2/28/2019,2.9,QP2312,5.7,81600
3/1/2019,1.9,LL22355,5.7,43200
3/1/2019,1.3,CH28931,4.77,88800
3/1/2019,1.2,WI38374,5.55,86400
3/2/2019,2,IW2312,3.39,81600
3/3/2019,1.3,AJ93848,6.27,91200
3/3/2019,1.6,AJ93848,3.66,69600
3/4/2019,2.1,AL30JS,4.83,33600
3/4/2019,3,AL30JS,3.21,93600
3/5/2019,3.2,YB12929,4.38,91200
3/5/2019,2.3,RS29392,3.54,79200
3/5/2019,3,QW56895,3.78,74400
3/5/2019,1.4,QP2312,3.63,38400
3/6/2019,2.3,BI5721,3.72,40800
3/6/2019,2,ST20938,3.39,43200
3/7/2019,2.5,AL30JS,5.76,38400
3/7/2019,2.3,JI20398,4.14,45600
3/8/2019,2.9,KN2312,4.11,52800
3/8/2019,2.5,FM2318,4.32,84000
3/8/2019,2.5,SS93393,3.93,48000
3/8/2019,1.1,DJ2281,5.85,88800
3/9/2019,1,BI5721,5.4,91200
3/10/2019,3.1,AJ93848,5.16,67200
3/11/2019,2.1,LL22355,6.45,93600
3/11/2019,3.3,EB26526,4.02,50400
3/12/2019,3.2,KN2312,4.86,52800
3/12/2019,2.8,BI5721,5.52,45600
3/12/2019,2.8,GK2341,4.56,74400
3/13/2019,1.8,SZ3152,5.91,64800
3/13/2019,1.6,EB26526,3.12,38400
3/14/2019,3.2,TW29382,5.85,91200
3/14/2019,2.8,QW56895,4.68,52800
3/14/2019,2.7,SZ3152,5.76,50400
3/14/2019,2.8,FW28182,5.52,91200
3/15/2019,1.2,MQ23134,6.24,69600
3/16/2019,1.2,AU44452,4.2,67200
3/16/2019,1.5,ST20938,5.37,67200
3/18/2019,1.1,UY59785,6.12,26400
3/18/2019,2.1,JB23919,3.72,36000
3/18/2019,3.3,JI20398,5.16,55200
3/18/2019,3.3,SZ3152,3.15,43200
3/19/2019,2.6,SS93393,4.56,43200
3/19/2019,2.3,YB12929,5.76,40800
3/19/2019,1.4,QW56895,4.29,91200
3/20/2019,2.6,WI38374,5.67,45600
3/20/2019,2.8,SZ3152,5.37,84000
3/21/2019,2.9,QP2312,3.87,48000
3/21/2019,1.2,SD61301,5.04,28800
3/22/2019,2.4,TM29319,3.63,88800
3/22/2019,1.4,ES2123,4.02,86400
3/24/2019,1.5,JI20398,3.54,48000
3/25/2019,2.1,DJ2281,6.36,50400
3/25/2019,2,AJ93848,3.24,96000
3/25/2019,2.9,AL30JS,5.55,91200
3/26/2019,2.3,SS93393,3.51,93600
3/27/2019,1.1,ES2123,6.3,40800
3/27/2019,1.4,FW28182,5.55,76800
3/28/2019,2.2,LL22355,4.2,24000
3/28/2019,1,IW2312,5.13,57600
3/29/2019,2,CH28931,6.15,55200
3/29/2019,2.3,ES2123,5.04,67200
3/30/2019,2.1,SS93393,4.65,36000
3/30/2019,1.6,JI20398,6.42,93600
3/30/2019,2.1,LL22355,3.87,88800
3/31/2019,1.6,AU44452,5.28,40800
3/31/2019,2.7,SD61301,5.43,93600
4/1/2019,2.3,BI5721,3.15,55200
4/1/2019,1,JB23919,3.78,62400
4/1/2019,2.8,QW56895,4.5,67200
4/1/2019,2.8,ES2123,6.33,76800
4/1/2019,2,AU44452,5.16,55200
4/2/2019,1.4,RS29392,3.21,52800
4/2/2019,2.7,FM2318,4.44,91200
4/3/2019,2.3,AU44452,5.19,81600
4/3/2019,2.2,JI20398,3.63,88800
4/4/2019,1.8,ST20938,4.38,55200
4/4/2019,2.8,LL22355,6.3,28800
4/4/2019,1.8,JI20398,3.12,50400
4/6/2019,2.7,SZ3152,5.4,60000
4/6/2019,1.8,TW29382,4.83,74400
4/6/2019,1.4,JB23919,6.24,67200
4/7/2019,1.1,DI41455,5.67,24000
4/7/2019,1.6,CH28931,4.35,91200
4/7/2019,2.7,BH66216,5.04,96000
4/7/2019,1.2,RS29392,6.24,57600
4/8/2019,3.2,EB26526,5.67,76800
4/8/2019,1.6,SS93393,5.01,76800
4/8/2019,3.1,DI41455,6.06,67200
4/8/2019,3.2,IW2312,6.06,38400
4/9/2019,3,TW29382,4.02,24000
4/9/2019,2.8,BH66216,3.66,33600
4/9/2019,3.2,ZJ2913,6.12,74400
4/9/2019,1.7,DJ2281,6,45600
4/10/2019,3.3,SZ3152,3.87,36000
4/10/2019,2.3,ES2123,3.33,50400
4/11/2019,2,WI38374,6.24,79200
4/12/2019,2.5,RS29392,4.5,48000
4/12/2019,2.1,BI5721,5.1,50400
4/12/2019,2.1,DI41455,4.08,33600
4/12/2019,0.9,DJ2281,6.09,31200
4/12/2019,2.1,JI20398,3.69,48000
4/13/2019,2.2,JB23919,5.46,36000
4/13/2019,1.6,CH28931,6.48,62400
4/14/2019,1.2,FW28182,3.36,62400
4/14/2019,3.2,WI38374,4.86,48000
4/16/2019,0.8,KN84849,5.46,26400
4/16/2019,2,TW29382,3.75,88800
4/17/2019,1.1,RS29392,5.7,72000
4/17/2019,2.6,ST20938,4.29,69600
4/18/2019,2.3,KN2312,4.77,81600
4/18/2019,2.1,UY59785,4.23,76800
4/19/2019,0.8,LL22355,5.88,79200
4/19/2019,2.9,SD61301,4.14,81600
4/19/2019,2.9,DC54863,4.08,36000
4/19/2019,1.9,JI20398,5.01,91200
4/20/2019,1.5,EB26526,6.33,55200
4/21/2019,2.1,ST20938,4.29,79200
4/22/2019,3.1,QW56895,3.42,79200
4/22/2019,3.1,TM29319,5.61,28800
4/24/2019,1.9,DC54863,5.52,86400
4/24/2019,2.6,SZ3152,6.24,45600
4/25/2019,0.9,JI20398,4.44,76800
4/25/2019,2.9,IW2312,4.38,57600
4/26/2019,2.1,TW29382,6,62400
4/26/2019,3.3,SD61301,5.04,64800
4/26/2019,1,ST20938,4.47,60000
4/26/2019,1.5,GK2341,6.24,76800
4/26/2019,3.2,UY59785,3.21,52800
4/27/2019,1.7,UY59785,3.36,84000
4/28/2019,2.7,JI20398,3.45,74400
4/28/2019,1,SZ3152,4.83,69600
4/29/2019,2.1,KN84849,6.03,57600
4/29/2019,0.8,TW29382,4.5,45600
4/29/2019,2.7,WI38374,3.93,43200
4/29/2019,2.2,QP2312,6.03,38400
4/30/2019,3.1,MQ23134,4.23,84000
4/30/2019,0.9,KN2312,4.23,45600
4/30/2019,1.2,KN2312,6.33,64800
4/30/2019,2.8,JB23919,5.37,52800
5/1/2019,2.6,KN84849,3.3,74400
5/1/2019,0.8,JI20398,5.19,91200
5/1/2019,2.1,QW56895,6.27,38400
5/1/2019,2.6,KN84849,5.58,43200
5/1/2019,2.3,QP2312,6.03,72000
5/2/2019,1.8,GK2341,3.45,60000
5/3/2019,2.9,AJ93848,4.5,33600
5/4/2019,1.8,DJ2281,4.02,26400
5/4/2019,2.5,GK2341,5.28,79200
5/5/2019,2,JB23919,5.88,55200
5/5/2019,2.4,SD61301,5.79,74400
5/6/2019,0.8,AU44452,5.1,33600
5/7/2019,1.2,QW56895,3.36,52800
5/8/2019,2.5,KN84849,5.4,52800
5/8/2019,2.4,WI38374,6.15,64800
5/9/2019,1.6,EB26526,5.58,64800
5/10/2019,2.5,MQ23134,4.02,62400
5/10/2019,2.7,BH66216,4.77,76800
5/11/2019,3.1,TM29319,4.95,28800
5/11/2019,3.1,JB23919,4.23,43200
5/12/2019,2.3,ZJ2913,3.63,33600
5/13/2019,1.2,LL22355,5.16,96000
5/13/2019,1.6,SZ3152,3.72,52800
5/13/2019,1.3,MQ23134,6.45,62400
5/14/2019,3.1,EB26526,3.99,67200
5/14/2019,1.8,UY59785,3.39,67200
5/15/2019,2.4,SS93393,6.12,33600
5/15/2019,1.5,WI38374,4.74,62400
5/16/2019,3.1,GK2341,3.69,26400
5/17/2019,2.8,WI38374,3.99,93600
5/17/2019,1.1,QW56895,3.09,91200
5/18/2019,1.3,ST20938,6.33,43200
5/19/2019,1.3,UY59785,5.37,86400
5/20/2019,1.6,QP2312,3.87,62400
5/20/2019,1.4,ZJ2913,5.34,74400
5/20/2019,2.3,SZ3152,5.01,74400
5/21/2019,2,DI41455,5.16,79200
5/21/2019,1.3,AJ93848,5.79,93600
5/21/2019,1.1,UY59785,4.44,48000
5/23/2019,2.5,ES2123,5.43,64800
5/23/2019,3.2,DI41455,4.08,62400
5/23/2019,3.2,TM29319,5.49,79200
5/24/2019,1.2,DC54863,3.42,91200
5/24/2019,3.1,JI20398,5.61,91200
5/24/2019,2.1,AJ93848,5.13,60000
5/24/2019,2.6,QW56895,5.16,31200
5/25/2019,2,CH28931,5.46,48000
5/25/2019,1.4,ST20938,4.59,43200
5/25/2019,1.6,RS29392,4.8,50400
5/25/2019,1.2,JB23919,6.33,36000
5/25/2019,1.2,KN2312,3.12,24000
5/25/2019,1.1,BI5721,3.48,43200
5/25/2019,2,YB12929,5.43,84000
5/26/2019,1.7,LL22355,6.15,93600
5/27/2019,2.1,GK2341,5.37,93600
5/27/2019,3,YB12929,3.93,91200
5/27/2019,2.4,TW29382,6.48,43200
5/27/2019,3,WI38374,5.91,52800
5/27/2019,1,WI38374,5.85,38400
5/27/2019,2.7,LL22355,5.94,60000
5/27/2019,1.7,MQ23134,3.42,69600
5/28/2019,3.1,SS93393,3.87,74400
5/28/2019,0.9,KN84849,4.14,33600
5/28/2019,1.2,DJ2281,3.84,40800
5/28/2019,1.1,BH66216,3.12,64800
5/28/2019,2.6,DC54863,6.36,60000
5/29/2019,1.7,ES2123,5.73,88800
5/30/2019,2,CH28931,4.29,93600
5/30/2019,0.8,YB12929,3.6,81600
5/30/2019,1.6,TW29382,6.03,50400
5/31/2019,2.5,JI20398,6,45600
5/31/2019,3,DJ2281,3.54,45600
5/31/2019,2.8,JB23919,4.29,76800
5/31/2019,1.9,WI38374,4.5,64800
6/1/2019,1.7,AU44452,5.97,52800
6/1/2019,1.2,RS29392,5.04,28800
6/1/2019,1.3,TM29319,4.17,60000
6/1/2019,2.7,ST20938,4.08,52800
6/1/2019,1.1,QW56895,5.43,62400
6/1/2019,3,TW29382,5.1,69600
6/2/2019,3.1,BH66216,3.69,60000
6/2/2019,2.4,KN2312,4.17,91200
6/3/2019,2.3,QW56895,5.97,84000
6/3/2019,1,ES2123,4.35,33600
6/3/2019,1.6,KN2312,5.16,74400
6/4/2019,1.4,BH66216,5.43,62400
6/5/2019,1.3,AL30JS,5.79,60000
6/5/2019,2,SD61301,3.36,45600
6/6/2019,3,SZ3152,3.21,72000
6/6/2019,1.6,YB12929,5.79,48000
6/7/2019,1.3,FM2318,6.24,55200
6/7/2019,2.3,RS29392,5.67,96000
6/8/2019,2,CH28931,5.64,48000
6/8/2019,2.1,DC54863,3.63,55200
6/8/2019,1.9,FW28182,4.71,88800
6/9/2019,0.9,KN84849,6.15,62400
6/9/2019,1.9,KN2312,4.68,84000
6/9/2019,1.3,TW29382,4.08,62400
6/10/2019,2.5,MQ23134,3.63,57600
6/11/2019,2.8,LL22355,3.72,38400
6/12/2019,1.2,IW2312,4.38,79200
6/13/2019,0.8,WI38374,4.47,45600
6/13/2019,1.7,DC54863,3.93,62400
6/13/2019,2.8,SZ3152,6.48,81600
6/13/2019,1.7,KN84849,5.88,72000
6/13/2019,1.9,ES2123,6.45,45600
6/13/2019,1,QP2312,5.52,60000
6/14/2019,0.8,EB26526,4.14,52800
6/15/2019,3,TM29319,3.99,88800
6/15/2019,1.6,JI20398,3.69,45600
6/15/2019,1.3,ZJ2913,4.68,69600
6/15/2019,3.1,LL22355,5.34,93600
6/17/2019,2.2,ZJ2913,3.78,55200
6/17/2019,2.6,JI20398,3.33,43200
6/17/2019,2,KN2312,3.6,40800
6/18/2019,2.2,EB26526,5.64,74400
6/18/2019,2.7,BI5721,5.88,45600
6/18/2019,1.1,CH28931,5.52,28800
6/18/2019,1.6,SS93393,4.98,79200
6/18/2019,2,WI38374,3.9,38400
6/18/2019,0.9,TM29319,3.27,60000
6/19/2019,2.4,EB26526,3.51,55200
6/19/2019,1.3,QP2312,3.15,96000
6/19/2019,2.1,BI5721,4.71,50400
6/19/2019,2.2,RS29392,3.18,76800
6/19/2019,2,KN84849,5.67,93600
6/20/2019,0.9,AJ93848,3.84,48000
6/20/2019,1,ST20938,3.51,33600
6/21/2019,2.7,TM29319,6.24,28800
6/22/2019,1.8,AJ93848,5.16,60000
6/23/2019,2.6,KN2312,3.63,52800
6/24/2019,1.2,TW29382,4.23,24000
6/25/2019,3.2,ZJ2913,6.09,81600
6/25/2019,2.8,DJ2281,5.49,31200
6/26/2019,2.5,KN84849,4.98,36000
6/26/2019,0.9,AL30JS,6.33,84000
6/27/2019,2.2,MQ23134,4.98,74400
6/27/2019,1.7,KN2312,6.18,31200
6/30/2019,2.8,FM2318,6.36,60000
6/30/2019,3,BH66216,3.9,84000
7/1/2019,1.4,QP2312,5.46,40800
7/1/2019,1.6,AL30JS,4.65,64800
7/2/2019,1.8,AU44452,3.63,93600
7/2/2019,2.1,ZJ2913,3.45,72000
7/2/2019,2.4,KN84849,6.48,57600
7/3/2019,2.8,BH66216,3.54,67200
7/3/2019,2.6,FW28182,5.52,96000
7/4/2019,1.9,SZ3152,3.12,55200
7/5/2019,1.4,LL22355,4.47,64800
7/6/2019,2.1,IW2312,4.62,96000
7/7/2019,1,DJ2281,6.3,88800
7/7/2019,1.5,IW2312,4.86,96000
7/8/2019,3.1,YB12929,4.44,93600
7/9/2019,2.5,DC54863,4.62,55200
7/9/2019,2.4,DC54863,3.99,40800
7/9/2019,0.8,KN2312,5.88,50400
7/9/2019,1.7,AL30JS,4.29,36000
7/10/2019,1.3,LL22355,4.8,74400
7/10/2019,1.1,MQ23134,3.24,52800
7/11/2019,1.3,QW56895,5.04,45600
7/11/2019,2.5,DI41455,3.87,86400
7/12/2019,1.1,UY59785,4.83,33600
7/12/2019,2.2,DI41455,4.83,45600
7/14/2019,2.8,QP2312,6,67200
7/16/2019,2,ES2123,3.66,72000
7/17/2019,1.3,AJ93848,3.93,38400
7/17/2019,2,LL22355,3.93,62400
7/17/2019,3.2,FM2318,3.75,55200
7/18/2019,2.6,AU44452,3.54,36000
7/18/2019,2,ES2123,5.49,81600
7/18/2019,0.8,TM29319,5.37,24000
7/19/2019,2.6,FW28182,5.88,67200
7/19/2019,1.6,KN2312,5.28,74400
7/19/2019,1.4,RS29392,6.27,62400
7/20/2019,2.7,IW2312,4.47,43200
7/21/2019,2.9,UY59785,3.45,33600
7/21/2019,3,AU44452,5.28,88800
7/21/2019,2.2,QW56895,5.31,24000
7/21/2019,2.1,DJ2281,4.74,67200
7/22/2019,1.8,KN84849,5.37,64800
7/22/2019,1.5,LL22355,6.27,88800
7/23/2019,3.3,FM2318,5.37,96000
7/23/2019,2.9,RS29392,6.12,57600
7/24/2019,2,BH66216,4.35,69600
7/24/2019,2.4,FW28182,6.3,26400
7/24/2019,2.7,ES2123,4.47,81600
7/25/2019,1.1,QW56895,5.4,60000
7/25/2019,1.7,AJ93848,5.31,69600
7/26/2019,1.9,AU44452,6.36,60000
7/27/2019,2.7,DC54863,6.3,67200
7/27/2019,1.6,QW56895,5.28,43200
7/27/2019,3.2,AU44452,5.88,88800
7/28/2019,3.2,DI41455,6.18,69600
7/28/2019,2.6,QP2312,4.05,67200
7/28/2019,1.3,QW56895,4.38,52800
7/28/2019,2.8,JI20398,3.69,88800
7/28/2019,2,DI41455,6.39,38400
7/28/2019,2.8,FW28182,3.87,28800
7/28/2019,2.8,YB12929,4.83,33600
7/29/2019,1.1,SZ3152,3.69,26400
7/29/2019,2.2,QW56895,3.6,84000
7/31/2019,0.9,WI38374,4.32,81600
7/31/2019,1.1,DI41455,4.2,24000
7/31/2019,1,TW29382,5.64,91200
8/2/2019,1.9,AU44452,3.39,88800
8/2/2019,1.4,MQ23134,3.21,76800
8/3/2019,2.3,UY59785,4.8,67200
8/3/2019,3.3,KN84849,4.83,43200
8/3/2019,1.7,QP2312,5.13,33600
8/3/2019,2.8,UY59785,5.04,81600
8/4/2019,1.9,QP2312,4.65,62400
8/4/2019,2.6,MQ23134,3.27,48000
8/4/2019,0.9,DJ2281,5.37,45600
8/4/2019,1.2,MQ23134,3.3,86400
8/4/2019,1.5,JB23919,5.73,64800
8/4/2019,2.6,SS93393,3.24,43200
8/4/2019,1.5,ES2123,4.53,28800
8/4/2019,0.9,AU44452,5.76,74400
8/5/2019,1,KN84849,5.43,72000
8/6/2019,3.2,ES2123,6.39,69600
8/7/2019,1.5,YB12929,4.53,28800
8/7/2019,1.6,ES2123,3.81,64800
8/7/2019,2.1,FW28182,4.65,88800
8/7/2019,2.2,FW28182,5.7,55200
8/7/2019,2.8,EB26526,3.3,72000
8/7/2019,2,DI41455,5.79,28800
8/8/2019,1.5,JB23919,4.17,64800
8/9/2019,2.1,KN2312,6.48,86400
8/9/2019,2,MQ23134,4.17,26400
8/9/2019,3.3,JB23919,3.18,55200
8/11/2019,3.2,AU44452,5.4,64800
8/11/2019,2,ZJ2913,3.63,50400
8/11/2019,1.7,DC54863,3.63,64800
8/12/2019,1.5,CH28931,5.55,38400
8/12/2019,3.2,BH66216,5.88,91200
8/12/2019,1.6,SD61301,5.25,64800
8/12/2019,2.5,KN2312,3.93,60000
8/13/2019,1,ZJ2913,6.39,67200
8/13/2019,2.2,JI20398,4.14,50400
8/13/2019,2.6,JI20398,4.05,62400
8/13/2019,1.9,IW2312,6,52800
8/14/2019,3.1,KN2312,6.21,31200
8/14/2019,2.9,JI20398,4.65,26400
8/14/2019,2.1,DI41455,3.54,60000
8/14/2019,3.2,KN84849,5.52,28800
8/15/2019,1.7,FM2318,3.72,55200
8/15/2019,1.3,BI5721,3.57,36000
8/15/2019,1.1,KN84849,5.85,36000
8/16/2019,1,JI20398,4.98,26400
8/16/2019,2.8,RS29392,5.73,57600
8/16/2019,1.4,ES2123,6.45,48000
8/17/2019,1.2,ES2123,3.45,43200
8/18/2019,3.3,SS93393,5.88,26400
8/18/2019,1.9,SD61301,5.46,88800
8/19/2019,2.8,SZ3152,4.38,62400
8/19/2019,2.8,LL22355,4.26,38400
8/19/2019,2,KN2312,4.8,91200
8/22/2019,1,DJ2281,3.18,28800
8/22/2019,3,AL30JS,4.53,79200
8/23/2019,1.9,SZ3152,4.71,57600
8/23/2019,1.1,JB23919,5.82,31200
8/25/2019,2.1,JI20398,5.01,48000
8/25/2019,2.6,KN2312,5.82,60000
8/26/2019,1.3,AL30JS,4.83,93600
8/26/2019,3.2,IW2312,3.48,33600
8/27/2019,1.5,SD61301,5.34,45600
8/27/2019,2.3,SS93393,5.25,64800
8/27/2019,2.2,QP2312,5.4,91200
8/28/2019,2.9,LL22355,5.49,69600
8/29/2019,2.2,JI20398,4.26,50400
8/29/2019,2.3,FM2318,5.37,96000
8/29/2019,3.1,CH28931,5.34,96000
8/29/2019,3,KN2312,4.89,72000
8/30/2019,0.9,JI20398,6.03,76800
8/31/2019,2.2,JB23919,5.28,67200
8/31/2019,3.1,IW2312,5.4,60000
8/31/2019,2.6,BI5721,5.88,52800
9/1/2019,2.7,FW28182,6.21,79200
9/2/2019,2.9,GK2341,3.3,28800
9/4/2019,1.6,DI41455,5.46,48000
9/4/2019,2.4,SS93393,5.94,64800
9/4/2019,2,SZ3152,5.67,48000
9/4/2019,1.1,SD61301,5.61,43200
9/5/2019,1.9,KN2312,4.86,52800
9/5/2019,2.5,JI20398,3.39,64800
9/5/2019,2.6,QW56895,4.8,88800
9/5/2019,1,UY59785,5.67,50400
9/5/2019,2.9,BI5721,3.87,36000
9/6/2019,3.1,JI20398,4.38,24000
9/6/2019,0.9,JI20398,4.14,52800
9/6/2019,2.6,AU44452,3.87,26400
9/6/2019,3.3,FW28182,4.8,50400
9/7/2019,2,SS93393,3.12,86400
9/7/2019,0.8,UY59785,5.13,64800
9/8/2019,2.1,MQ23134,4.29,62400
9/8/2019,1.1,BH66216,4.47,31200
9/9/2019,2,SD61301,6.09,28800
9/9/2019,2.9,KN2312,3.93,76800
9/10/2019,2,ES2123,3.51,60000
9/10/2019,1.4,DJ2281,4.62,64800
9/10/2019,1.4,QW56895,5.7,79200
9/10/2019,1.2,EB26526,3.36,40800
9/11/2019,0.9,SS93393,5.97,72000
9/12/2019,1.9,TM29319,6.39,81600
9/12/2019,2.7,AJ93848,6.12,86400
9/13/2019,1.9,BH66216,3.6,28800
9/13/2019,1.9,KN84849,3.9,50400
9/15/2019,3.3,UY59785,5.64,31200
9/16/2019,1.4,GK2341,4.95,86400
9/16/2019,1.4,QW56895,4.71,52800
9/16/2019,2.3,ST20938,5.64,40800
9/16/2019,2.6,JB23919,5.7,67200
9/17/2019,2.6,DJ2281,4.74,62400
9/17/2019,1.4,BI5721,6.21,79200
9/18/2019,2.6,BH66216,6.3,52800
9/18/2019,1.3,KN84849,6.27,72000
9/18/2019,1.4,AU44452,6.24,33600
9/19/2019,2.8,AJ93848,5.01,79200
9/20/2019,1.6,KN84849,3.99,31200
9/20/2019,0.8,EB26526,4.02,91200
9/20/2019,1.6,TW29382,3.15,38400
9/21/2019,2,ZJ2913,4.29,33600
9/21/2019,3,EB26526,4.5,84000
9/21/2019,3,AJ93848,5.94,48000
9/21/2019,2.4,KN84849,5.31,84000
9/22/2019,1.3,SS93393,4.53,86400
9/22/2019,1.3,DC54863,4.95,67200
9/23/2019,0.9,JB23919,3.69,79200
9/23/2019,1.9,UY59785,5.28,31200
9/23/2019,3.1,SS93393,5.85,26400
9/23/2019,2,QP2312,5.52,28800
9/23/2019,2.6,IW2312,6,88800
9/24/2019,1.4,LL22355,6.21,86400
9/24/2019,2.7,DI41455,4.41,52800
9/25/2019,1.4,SZ3152,5.55,69600
9/25/2019,2.9,SS93393,6.15,79200
9/26/2019,1.6,UY59785,4.83,52800
9/26/2019,2.3,TM29319,5.22,38400
9/26/2019,1.6,TM29319,5.04,28800
9/26/2019,2.4,KN2312,5.97,79200
9/27/2019,1.7,CH28931,4.08,84000
9/27/2019,1.9,FM2318,4.17,69600
9/27/2019,3.2,QP2312,4.11,60000
9/27/2019,1,RS29392,3.66,33600
9/27/2019,2.4,DC54863,4.59,26400
9/28/2019,2.9,KN84849,6.24,74400
9/28/2019,2.3,ES2123,4.32,50400
9/29/2019,1.1,JB23919,4.02,91200
9/29/2019,1.9,BI5721,5.97,72000
9/29/2019,1.6,JB23919,4.53,24000
9/29/2019,1.8,LL22355,4.47,88800
9/30/2019,1.8,KN2312,3.81,64800
9/30/2019,1.6,QW56895,5.13,84000
9/30/2019,1.5,FW28182,4.32,76800
9/30/2019,1.7,SD61301,6.3,72000
10/1/2019,1.2,YB12929,3.15,38400
10/1/2019,1.1,IW2312,5.73,88800
10/1/2019,3.2,DJ2281,4.08,48000
10/1/2019,2.6,FW28182,3.27,64800
10/2/2019,3,AJ93848,5.4,43200
10/2/2019,1.6,AU44452,3.12,81600
10/2/2019,3.1,TM29319,5.88,40800
10/3/2019,0.8,GK2341,4.95,96000
10/3/2019,2.7,WI38374,3.12,52800
10/3/2019,2.4,DJ2281,5.28,31200
10/4/2019,1.7,CH28931,5.58,74400
10/5/2019,2.7,ZJ2913,5.16,67200
10/5/2019,2.4,KN84849,5.28,55200
10/5/2019,1.5,AJ93848,3.12,24000
10/5/2019,2.8,CH28931,4.17,84000
10/6/2019,3,SS93393,6.36,57600
10/6/2019,3.2,RS29392,5.94,40800
10/6/2019,2.3,JI20398,6.33,24000
10/7/2019,0.9,TW29382,5.88,31200
10/7/2019,1.1,DI41455,5.76,40800
10/8/2019,2.5,IW2312,6.42,88800
10/9/2019,0.9,BH66216,5.37,26400
10/9/2019,1.9,FW28182,5.4,43200
10/9/2019,2.2,BI5721,4.17,50400
10/9/2019,1.7,JB23919,5.34,24000
10/10/2019,1.7,MQ23134,3.3,81600
10/11/2019,1.6,ZJ2913,4.92,64800
10/11/2019,2.9,AJ93848,5.73,67200
10/11/2019,2.9,ES2123,4.23,62400
10/11/2019,3.3,TM29319,5.85,91200
10/12/2019,1.5,SZ3152,3.12,64800
10/12/2019,1.4,MQ23134,6.45,76800
10/13/2019,1.9,BI5721,3.99,60000
10/13/2019,1.1,SZ3152,3.84,91200
10/14/2019,2.8,ST20938,4.59,48000
10/15/2019,0.8,BH66216,5.82,88800
10/15/2019,1.2,ES2123,3.78,96000
10/15/2019,2.9,AL30JS,3.48,76800
10/15/2019,1.9,BI5721,3.78,31200
10/17/2019,2.3,DC54863,4.65,86400
10/17/2019,1.9,ZJ2913,5.91,33600
10/18/2019,2.5,DJ2281,3.87,60000
10/18/2019,3.1,ZJ2913,3.36,96000
10/18/2019,1,SD61301,4.29,84000
10/18/2019,2.5,RS29392,3.6,31200
10/18/2019,3.1,IW2312,6.33,81600
10/19/2019,1.6,SD61301,4.47,24000
10/20/2019,1.3,QW56895,5.46,43200
10/20/2019,3.1,UY59785,4.83,84000
10/20/2019,1.6,KN84849,3.87,64800
10/20/2019,2.9,FM2318,6.3,79200
10/20/2019,1.3,RS29392,3.96,72000
10/21/2019,1.9,AL30JS,3.6,79200
10/21/2019,1.6,AL30JS,5.49,84000
10/22/2019,1.2,BI5721,3.24,57600
10/23/2019,2.6,DI41455,4.59,84000
10/23/2019,0.9,EB26526,5.28,24000
10/24/2019,2.8,AJ93848,5.94,36000
10/25/2019,0.9,SS93393,6.09,93600
10/25/2019,2.3,JI20398,4.17,76800
10/26/2019,1.7,QW56895,6.15,36000
10/27/2019,2.8,FM2318,3.24,40800
10/27/2019,3.1,EB26526,3.87,93600
10/27/2019,0.9,TM29319,6.18,60000
10/28/2019,3.2,TM29319,4.89,91200
10/28/2019,3,YB12929,4.8,28800
10/28/2019,0.8,QP2312,5.55,43200
10/28/2019,0.8,WI38374,4.86,76800
10/28/2019,3.2,JB23919,4.95,48000
10/29/2019,2.1,SD61301,5.64,24000
10/29/2019,2.8,AL30JS,5.46,24000
10/30/2019,1.7,IW2312,4.47,79200
10/31/2019,1.4,SD61301,4.29,24000
11/1/2019,2.7,AU44452,4.65,43200
11/1/2019,2.7,JB23919,5.79,50400
11/2/2019,1.7,EB26526,4.62,57600
11/2/2019,0.9,JI20398,5.01,57600
11/2/2019,2.2,SS93393,5.85,28800
11/3/2019,2.9,SZ3152,3.81,96000
11/3/2019,2.7,MQ23134,4.65,24000
11/4/2019,2.9,SZ3152,4.47,52800
11/5/2019,3.2,ES2123,4.41,38400
11/5/2019,3,ZJ2913,4.86,93600
11/5/2019,2.2,ES2123,6.12,86400
11/7/2019,2.5,CH28931,5.46,36000
11/8/2019,3,ST20938,4.23,86400
11/8/2019,3.3,WI38374,5.94,67200
11/8/2019,1.2,KN2312,5.73,79200
11/9/2019,3.2,SZ3152,4.62,31200
11/9/2019,2.5,CH28931,4.32,43200
11/10/2019,2.6,YB12929,3.36,45600
11/10/2019,3.1,DI41455,3.15,67200
11/10/2019,3,SZ3152,3.15,38400
11/11/2019,2.3,UY59785,6.06,60000
11/11/2019,1.5,IW2312,5.64,50400
11/12/2019,2.8,ES2123,3.27,67200
11/12/2019,2.8,JB23919,4.29,84000
11/12/2019,1.3,UY59785,5.16,43200
11/12/2019,3,LL22355,4.8,50400
11/13/2019,1.1,ZJ2913,4.38,50400
11/14/2019,2.4,QW56895,3.9,62400
11/14/2019,1.5,IW2312,5.46,43200
11/14/2019,3.1,MQ23134,4.17,24000
11/15/2019,2.9,AJ93848,5.79,96000
11/15/2019,1.5,UY59785,4.53,55200
11/15/2019,2,SS93393,6.39,24000
11/16/2019,2.5,RS29392,6.21,26400
11/16/2019,1.6,FW28182,6.15,72000
11/16/2019,1.2,CH28931,3.81,96000
11/17/2019,1.1,DC54863,3.54,48000
11/17/2019,2.8,IW2312,5.31,36000
11/18/2019,0.9,ST20938,3.51,52800
11/19/2019,2.4,QW56895,6.09,52800
11/20/2019,2.3,EB26526,6.51,72000
11/20/2019,2.8,DI41455,5.91,48000
11/20/2019,1.7,DI41455,3.9,69600
11/20/2019,1,FM2318,3.93,52800
11/21/2019,2,MQ23134,5.25,81600
11/21/2019,1.7,QW56895,3.21,57600
11/22/2019,1.7,DJ2281,4.95,81600
11/22/2019,1.3,TM29319,6.39,40800
11/23/2019,1.4,IW2312,4.47,79200
11/23/2019,1.7,MQ23134,6.09,55200
11/23/2019,1.3,KN2312,4.14,28800
11/23/2019,1,KN2312,4.05,76800
11/24/2019,2.2,WI38374,4.53,72000
11/25/2019,2.9,TM29319,3.57,74400
11/25/2019,1.3,JI20398,4.68,93600
11/25/2019,1.7,QW56895,4.47,40800
11/25/2019,2.1,DJ2281,4.53,28800
11/26/2019,1.6,FM2318,3.36,72000
11/26/2019,2.3,JB23919,4.32,57600
11/26/2019,1.1,DI41455,4.77,38400
11/26/2019,1.7,JB23919,4.86,33600
11/26/2019,2.2,WI38374,5.16,28800
11/27/2019,1.9,AL30JS,4.74,79200
11/27/2019,1,GK2341,5.58,26400
11/27/2019,1.1,IW2312,6.42,93600
11/28/2019,3,MQ23134,4.65,86400
11/28/2019,2.6,UY59785,3.72,72000
11/29/2019,3.1,BI5721,5.97,86400
11/29/2019,2.7,KN2312,6.27,24000
11/29/2019,1.2,MQ23134,3.75,33600
11/29/2019,2.9,BI5721,5.55,72000
11/29/2019,1.6,AU44452,6.3,55200
11/30/2019,1.7,QW56895,5.1,64800
11/30/2019,3.3,UY59785,5.34,62400
11/30/2019,1.8,DI41455,6.42,72000
11/30/2019,1.2,WI38374,4.35,72000
11/30/2019,1.5,QW56895,4.95,48000
12/1/2019,1.9,AL30JS,5.97,60000
12/2/2019,2.3,UY59785,3.57,91200
12/2/2019,1.5,MQ23134,6.3,96000
12/3/2019,3.1,DC54863,4.44,36000
12/3/2019,2.1,EB26526,5.73,45600
12/3/2019,2.2,UY59785,3.99,50400
12/3/2019,2.2,DJ2281,5.55,84000
12/3/2019,2,CH28931,4.44,84000
12/4/2019,1.3,ES2123,4.08,26400
12/4/2019,1.3,BI5721,4.32,81600
12/4/2019,3,GK2341,3.93,48000
12/6/2019,3.1,BH66216,5.46,62400
12/6/2019,3.3,SD61301,3.3,43200
12/6/2019,2.3,JB23919,4.71,84000
12/7/2019,2.1,QW56895,4.95,33600
12/8/2019,2.3,SZ3152,6.36,43200
12/8/2019,1.4,ST20938,3.63,36000
12/8/2019,2.9,YB12929,4.92,38400
12/9/2019,2.2,ST20938,4.26,76800
12/9/2019,1.8,EB26526,6.39,86400
12/9/2019,0.9,RS29392,5.82,91200
12/9/2019,0.8,QP2312,4.11,84000
12/10/2019,2.2,QP2312,4.62,84000
12/11/2019,2.5,TM29319,4.86,64800
12/12/2019,0.9,ST20938,4.2,79200
12/12/2019,1.1,SS93393,4.59,62400
12/13/2019,1,YB12929,6.27,93600
12/13/2019,2.8,UY59785,5.97,86400
12/13/2019,2.4,EB26526,5.85,57600
12/13/2019,1.3,ST20938,3.66,91200
12/13/2019,0.8,JI20398,4.65,36000
12/14/2019,1.2,QP2312,3.81,72000
12/14/2019,0.9,SS93393,6.33,48000
12/14/2019,1.2,DI41455,5.82,33600
12/15/2019,1.6,LL22355,3.12,91200
12/15/2019,1.6,GK2341,4.59,40800
12/16/2019,1.9,IW2312,4.62,40800
12/16/2019,1.5,AU44452,3.51,96000
12/16/2019,1.5,AL30JS,3.81,31200
12/16/2019,1.1,KN84849,4.62,57600
12/17/2019,3.2,EB26526,3.9,50400
12/17/2019,2.9,BI5721,3.93,24000
12/17/2019,2.2,WI38374,3.42,36000
12/18/2019,2.8,RS29392,3.51,57600
12/19/2019,3,EB26526,3.48,72000
12/19/2019,1.2,DC54863,3.84,48000
12/19/2019,2.2,ZJ2913,5.73,57600
12/19/2019,1.8,QW56895,5.4,72000
12/20/2019,2.6,ZJ2913,6.18,24000
12/21/2019,2,SS93393,5.34,52800
12/21/2019,3.2,ZJ2913,5.52,64800
12/21/2019,1.4,QW56895,4.86,50400
12/22/2019,1.9,BH66216,3.24,28800
12/22/2019,2,GK2341,4.17,64800
12/23/2019,1.6,IW2312,5.01,43200
12/23/2019,3.1,DC54863,4.95,60000
12/23/2019,2.9,FW28182,5.25,40800
12/24/2019,2.1,SZ3152,4.17,36000
12/24/2019,2.7,WI38374,5.04,38400
12/25/2019,2.7,GK2341,4.41,45600
12/25/2019,2.4,YB12929,4.41,86400
12/25/2019,2.3,BH66216,6.15,24000
12/25/2019,1.1,KN2312,6.15,74400
12/25/2019,2.1,ES2123,6.3,96000
12/26/2019,2.9,ES2123,3.78,24000
12/26/2019,1.5,YB12929,5.43,62400
12/26/2019,2,AU44452,4.44,48000
12/27/2019,2.1,KN84849,5.28,43200
12/27/2019,0.9,WI38374,6.45,76800
12/28/2019,2.7,AU44452,5.37,50400
12/28/2019,1.1,QP2312,6.48,93600
12/29/2019,1.6,AL30JS,6.06,60000
12/30/2019,3,LL22355,5.52,28800
12/31/2019,2.9,SD61301,5.52,31200
